ID,Fluor,Target,Content,Cq,Cq.Mean,Starting.Quantity..SQ.,Log.Starting.Quantity,SQ.Mean,Set.Point,Sample,SiteID,Site,Region,Island,CTUM_cover,Notes,Filtration,Exposure,Method,Depth_m,PlateID
CT1138,SYBR,rbcL,Unkn,,0,0,,0,54.7,,EB,H02,EB,Control,,Control,Active,,,,A1
CT1139,SYBR,rbcL,Unkn,,0,0,,0,54.7,,EB,H02,EB,Control,,Control,Active,,,,A2
CT1140,SYBR,rbcL,Unkn,,0,0,,0,54.7,,EB,H02,EB,Control,,Control,Active,,,,A3
CT1141,SYBR,rbcL,Unkn,,0,0,,0,54.7,1,KUR2,H02,PMNM,Hōlanikū,0.01,Compare,Passive,15,MCE/Buoy,1.8288,A4
CT1142,SYBR,rbcL,Unkn,25.64103096,25.64103096,3.58E-06,-5.445786607,3.58E-06,54.7,1,KUR2,H02,PMNM,Hōlanikū,0.01,Compare,Passive,15,MCE/Buoy,1.8288,A5
CT1143,SYBR,rbcL,Unkn,,0,0,,0,54.7,1,KUR2,H02,PMNM,Hōlanikū,0.01,Compare,Passive,15,MCE/Buoy,1.8288,A6
CT1144,SYBR,rbcL,Unkn,24.76559251,24.76559251,6.66E-06,-5.176565183,6.66E-06,54.7,1,KUR2,H02,PMNM,Hōlanikū,0.01,Compare,Active,15,MCE/Buoy,1.8288,A7
CT1145,SYBR,rbcL,Unkn,24.94819488,24.94819488,5.85E-06,-5.232720437,5.85E-06,54.7,1,KUR2,H02,PMNM,Hōlanikū,0.01,Compare,Active,15,MCE/Buoy,1.8288,A8
CT1146,SYBR,rbcL,Unkn,24.8044884,24.8044884,6.48E-06,-5.188526738,6.48E-06,54.7,1,KUR2,H02,PMNM,Hōlanikū,0.01,Compare,Active,15,MCE/Buoy,1.8288,A9
CT1147,SYBR,rbcL,Unkn,23.71795304,23.71795304,1.40E-05,-4.854387203,1.40E-05,54.7,2,KUR2,H02,PMNM,Hōlanikū,0.01,Compare,Active,15,MCE/Buoy,1.8288,A10
CT1148,SYBR,rbcL,Unkn,24.36384773,24.36384773,8.85E-06,-5.053017603,8.85E-06,54.7,2,KUR2,H02,PMNM,Hōlanikū,0.01,Compare,Active,15,MCE/Buoy,1.8288,A11
CT1149,SYBR,rbcL,Unkn,23.54412205,23.54412205,1.58E-05,-4.800929388,1.58E-05,54.7,2,KUR2,H02,PMNM,Hōlanikū,0.01,Compare,Active,15,MCE/Buoy,1.8288,A12
CT1150,SYBR,rbcL,Unkn,,0,0,,0,54.7,,EB,H03,EB,Control,,Control,Active,,,,B1
CT1151,SYBR,rbcL,Unkn,,0,0,,0,54.7,,EB,H03,EB,Control,,Control,Active,,,,B2
CT1152,SYBR,rbcL,Unkn,,0,0,,0,54.7,,EB,H03,EB,Control,,Control,Active,,,,B3
CT1162,SYBR,rbcL,Unkn,,0,0,,0,54.7,,EB,H04,EB,Control,,Control,Active,,,,C1
CT1163,SYBR,rbcL,Unkn,,0,0,,0,54.7,,EB,H04,EB,Control,,Control,Active,,,,C2
CT1164,SYBR,rbcL,Unkn,,0,0,,0,54.7,,EB,H04,EB,Control,,Control,Active,,,,C3
CT1165,SYBR,rbcL,Unkn,,0,0,,0,54.7,1,KUR4,H04,PMNM,Hōlanikū,0.01,Compare,Passive,15,MCE/Buoy,1.524,C4
CT1166,SYBR,rbcL,Unkn,26.28011122,26.28011122,2.28E-06,-5.642321379,2.28E-06,54.7,1,KUR4,H04,PMNM,Hōlanikū,0.01,Compare,Passive,15,MCE/Buoy,1.524,C5
CT1167,SYBR,rbcL,Unkn,,0,0,,0,54.7,1,KUR4,H04,PMNM,Hōlanikū,0.01,Compare,Passive,15,MCE/Buoy,1.524,C6
CT1168,SYBR,rbcL,Unkn,24.24278279,24.24278279,9.64E-06,-5.0157868,9.64E-06,54.7,1,KUR4,H04,PMNM,Hōlanikū,0.01,Compare,Active,15,MCE/Buoy,1.524,C7
CT1169,SYBR,rbcL,Unkn,23.63004631,23.63004631,1.49E-05,-4.827353463,1.49E-05,54.7,1,KUR4,H04,PMNM,Hōlanikū,0.01,Compare,Active,15,MCE/Buoy,1.524,C8
CT1170,SYBR,rbcL,Unkn,24.08175845,24.08175845,1.08E-05,-4.966267381,1.08E-05,54.7,1,KUR4,H04,PMNM,Hōlanikū,0.01,Compare,Active,15,MCE/Buoy,1.524,C9
CT1171,SYBR,rbcL,Unkn,24.44091092,24.44091092,8.38E-06,-5.076716656,8.38E-06,54.7,2,KUR4,H04,PMNM,Hōlanikū,0.01,Compare,Active,15,MCE/Buoy,1.524,C10
CT1172,SYBR,rbcL,Unkn,,0,0,,0,54.7,2,KUR4,H04,PMNM,Hōlanikū,0.01,Compare,Active,15,MCE/Buoy,1.524,C11
CT1173,SYBR,rbcL,Unkn,,0,0,,0,54.7,2,KUR4,H04,PMNM,Hōlanikū,0.01,Compare,Active,15,MCE/Buoy,1.524,C12
CT1174,SYBR,rbcL,Unkn,,0,0,,0,54.7,,EB,H05,EB,Control,,Control,Active,,,,D1
CT1175,SYBR,rbcL,Unkn,,0,0,,0,54.7,,EB,H05,EB,Control,,Control,Active,,,,D2
CT1176,SYBR,rbcL,Unkn,,0,0,,0,54.7,,EB,H05,EB,Control,,Control,Active,,,,D3
CT1177,SYBR,rbcL,Unkn,,0,0,,0,54.7,1,KUR5,H05,PMNM,Hōlanikū,0.01,Compare,Passive,15,MCE/Buoy,1.524,D4
CT1178,SYBR,rbcL,Unkn,25.60972781,25.60972781,3.66E-06,-5.436160027,3.66E-06,54.7,1,KUR5,H05,PMNM,Hōlanikū,0.01,Compare,Passive,15,MCE/Buoy,1.524,D5
CT1179,SYBR,rbcL,Unkn,,0,0,,0,54.7,1,KUR5,H05,PMNM,Hōlanikū,0.01,Compare,Passive,15,MCE/Buoy,1.524,D6
CT1180,SYBR,rbcL,Unkn,22.96794275,22.96794275,2.38E-05,-4.623738393,2.38E-05,54.7,1,KUR5,H05,PMNM,Hōlanikū,0.01,Compare,Active,15,MCE/Buoy,1.524,D7
CT1181,SYBR,rbcL,Unkn,24.51092069,24.51092069,7.98E-06,-5.098246586,7.98E-06,54.7,1,KUR5,H05,PMNM,Hōlanikū,0.01,Compare,Active,15,MCE/Buoy,1.524,D8
CT1182,SYBR,rbcL,Unkn,23.3874769,23.3874769,1.77E-05,-4.752756691,1.77E-05,54.7,1,KUR5,H05,PMNM,Hōlanikū,0.01,Compare,Active,15,MCE/Buoy,1.524,D9
CT1183,SYBR,rbcL,Unkn,24.11620589,24.11620589,1.05E-05,-4.976860919,1.05E-05,54.7,2,KUR5,H05,PMNM,Hōlanikū,0.01,Compare,Active,15,MCE/Buoy,1.524,D10
CT1184,SYBR,rbcL,Unkn,25.09746873,25.09746873,5.26E-06,-5.278626256,5.26E-06,54.7,2,KUR5,H05,PMNM,Hōlanikū,0.01,Compare,Active,15,MCE/Buoy,1.524,D11
CT1185,SYBR,rbcL,Unkn,23.6390727,23.6390727,1.48E-05,-4.830129326,1.48E-05,54.7,2,KUR5,H05,PMNM,Hōlanikū,0.01,Compare,Active,15,MCE/Buoy,1.524,D12
CT1186,SYBR,rbcL,Unkn,,0,0,,0,54.7,,EB,H06,EB,Control,,Control,Active,,,,E1
CT1187,SYBR,rbcL,Unkn,,0,0,,0,54.7,,EB,H06,EB,Control,,Control,Active,,,,E2
CT1188,SYBR,rbcL,Unkn,,0,0,,0,54.7,,EB,H06,EB,Control,,Control,Active,,,,E3
CT1198,SYBR,rbcL,Unkn,,0,0,,0,54.7,,EB,H07,EB,Control,,Control,Active,,,,F1
CT1199,SYBR,rbcL,Unkn,,0,0,,0,54.7,,EB,H07,EB,Control,,Control,Active,,,,F2
CT1200,SYBR,rbcL,Unkn,,0,0,,0,54.7,,EB,H07,EB,Control,,Control,Active,,,,F3
CT1210,SYBR,rbcL,Std,8.198316372,8.198316372,1,0,1,54.7,,Standard,Standard,Standard,Control,,Control,,,,,G1
CT1211,SYBR,rbcL,Std,8.429152716,8.429152716,1,0,1,54.7,,Standard,Standard,Standard,Control,,Control,,,,,G2
CT1212,SYBR,rbcL,Std,8.236639703,8.236639703,1,0,1,54.7,,Standard,Standard,Standard,Control,,Control,,,,,G3
CT1231,SYBR,rbcL,NTC,,0,0,,0,54.7,,EB,EB,,Control,,Control,Passive,,,,H10
CT1232,SYBR,rbcL,NTC,,0,0,,0,54.7,,EB,EB,,Control,,Control,Passive,,,,H11
CT1233,SYBR,rbcL,NTC,,0,0,,0,54.7,,EB,EB,,Control,,Control,Passive,,,,H12
CT1234,SYBR,rbcL,Unkn,,0,0,,0,54.7,,EB,H08,EB,Control,,Control,Active,,,,A1
CT1235,SYBR,rbcL,Unkn,,0,0,,0,54.7,,EB,H08,EB,Control,,Control,Active,,,,A2
CT1236,SYBR,rbcL,Unkn,,0,0,,0,54.7,,EB,H08,EB,Control,,Control,Active,,,,A3
CT1246,SYBR,rbcL,Unkn,,0,0,,0,54.7,,EB,H09,EB,Control,,Control,Active,,,,B1
CT1247,SYBR,rbcL,Unkn,,0,0,,0,54.7,,EB,H09,EB,Control,,Control,Active,,,,B2
CT1248,SYBR,rbcL,Unkn,,0,0,,0,54.7,,EB,H09,EB,Control,,Control,Active,,,,B3
CT1249,SYBR,rbcL,Unkn,,0,0,,0,54.7,1,KUR9,H09,PMNM,Hōlanikū,0,Compare,Passive,15,MCE/Buoy,1.8288,B4
CT1250,SYBR,rbcL,Unkn,,0,0,,0,54.7,1,KUR9,H09,PMNM,Hōlanikū,0,Compare,Passive,15,MCE/Buoy,1.8288,B5
CT1251,SYBR,rbcL,Unkn,,0,0,,0,54.7,1,KUR9,H09,PMNM,Hōlanikū,0,Compare,Passive,15,MCE/Buoy,1.8288,B6
CT1252,SYBR,rbcL,Unkn,29.93042383,29.93042383,5.37E-08,-7.270110531,5.37E-08,54.7,1,KUR9,H09,PMNM,Hōlanikū,0,Compare,Active,15,MCE/Buoy,1.8288,B7
CT1253,SYBR,rbcL,Unkn,,0,0,,0,54.7,1,KUR9,H09,PMNM,Hōlanikū,0,Compare,Active,15,MCE/Buoy,1.8288,B8
CT1254,SYBR,rbcL,Unkn,,0,0,,0,54.7,1,KUR9,H09,PMNM,Hōlanikū,0,Compare,Active,15,MCE/Buoy,1.8288,B9
CT1255,SYBR,rbcL,Unkn,,0,0,,0,54.7,2,KUR9,H09,PMNM,Hōlanikū,0,Compare,Active,15,MCE/Buoy,1.8288,B10
CT1256,SYBR,rbcL,Unkn,,0,0,,0,54.7,2,KUR9,H09,PMNM,Hōlanikū,0,Compare,Active,15,MCE/Buoy,1.8288,B11
CT1257,SYBR,rbcL,Unkn,,0,0,,0,54.7,2,KUR9,H09,PMNM,Hōlanikū,0,Compare,Active,15,MCE/Buoy,1.8288,B12
CT1258,SYBR,rbcL,Unkn,,0,0,,0,54.7,,EB,H10,EB,Control,,Control,Active,,,,C1
CT1259,SYBR,rbcL,Unkn,,0,0,,0,54.7,,EB,H10,EB,Control,,Control,Active,,,,C2
CT1260,SYBR,rbcL,Unkn,,0,0,,0,54.7,,EB,H10,EB,Control,,Control,Active,,,,C3
CT1261,SYBR,rbcL,Unkn,,0,0,,0,54.7,1,KUR10,H10,PMNM,Hōlanikū,0,Compare,Passive,15,MCE/Buoy,0.9144,C4
CT1262,SYBR,rbcL,Unkn,,0,0,,0,54.7,1,KUR10,H10,PMNM,Hōlanikū,0,Compare,Passive,15,MCE/Buoy,0.9144,C5
CT1263,SYBR,rbcL,Unkn,,0,0,,0,54.7,1,KUR10,H10,PMNM,Hōlanikū,0,Compare,Passive,15,MCE/Buoy,0.9144,C6
CT1264,SYBR,rbcL,Unkn,,0,0,,0,54.7,1,KUR10,H10,PMNM,Hōlanikū,0,Compare,Active,15,MCE/Buoy,0.9144,C7
CT1265,SYBR,rbcL,Unkn,,0,0,,0,54.7,1,KUR10,H10,PMNM,Hōlanikū,0,Compare,Active,15,MCE/Buoy,0.9144,C8
CT1266,SYBR,rbcL,Unkn,,0,0,,0,54.7,1,KUR10,H10,PMNM,Hōlanikū,0,Compare,Active,15,MCE/Buoy,0.9144,C9
CT1267,SYBR,rbcL,Unkn,,0,0,,0,54.7,2,KUR10,H10,PMNM,Hōlanikū,0,Compare,Active,15,MCE/Buoy,0.9144,C10
CT1268,SYBR,rbcL,Unkn,,0,0,,0,54.7,2,KUR10,H10,PMNM,Hōlanikū,0,Compare,Active,15,MCE/Buoy,0.9144,C11
CT1269,SYBR,rbcL,Unkn,,0,0,,0,54.7,2,KUR10,H10,PMNM,Hōlanikū,0,Compare,Active,15,MCE/Buoy,0.9144,C12
CT1270,SYBR,rbcL,Unkn,,0,0,,0,54.7,1,PHR071823A,PHR12,PMNM,Manawai,0,SCUBA,Passive,52,Cotton/SCUBA,16.764,D1
CT1271,SYBR,rbcL,Unkn,,0,0,,0,54.7,1,PHR071823A,PHR12,PMNM,Manawai,0,SCUBA,Passive,52,Cotton/SCUBA,16.764,D2
CT1272,SYBR,rbcL,Unkn,,0,0,,0,54.7,1,PHR071823A,PHR12,PMNM,Manawai,0,SCUBA,Passive,52,Cotton/SCUBA,16.764,D3
CT1273,SYBR,rbcL,Unkn,21.09775418,21.09775418,4.40E-05,-4.356775602,4.40E-05,54.7,1,PHR071823B,PHR11,PMNM,Manawai,15,SCUBA,Passive,90,Cotton/SCUBA,16.764,D4
CT1274,SYBR,rbcL,Unkn,21.03746954,21.03746954,4.60E-05,-4.33689154,4.60E-05,54.7,1,PHR071823B,PHR11,PMNM,Manawai,15,SCUBA,Passive,90,Cotton/SCUBA,16.764,D5
CT1275,SYBR,rbcL,Unkn,21.19712818,21.19712818,4.08E-05,-4.389552752,4.08E-05,54.7,1,PHR071823B,PHR11,PMNM,Manawai,15,SCUBA,Passive,90,Cotton/SCUBA,16.764,D6
CT1276,SYBR,rbcL,Unkn,,0,0,,0,54.7,,EB,H01,EB,Control,,Control,Active,,,,D7
CT1277,SYBR,rbcL,Unkn,,0,0,,0,54.7,,EB,H01,EB,Control,,Control,Active,,,,D8
CT1278,SYBR,rbcL,Unkn,,0,0,,0,54.7,,EB,H01,EB,Control,,Control,Active,,,,D9
CT1303,SYBR,rbcL,Std,8.003392138,8.003392138,1,0,1,54.7,,Standard,Standard,Standard,Control,,Control,,,,,F10
CT1304,SYBR,rbcL,Std,8.338660174,8.338660174,1,0,1,54.7,,Standard,Standard,Standard,Control,,Control,,,,,F11
CT1305,SYBR,rbcL,Std,8.216281375,8.216281375,1,0,1,54.7,,Standard,Standard,Standard,Control,,Control,,,,,F12
CT1327,SYBR,rbcL,NTC,,0,0,,0,54.7,,EB,EB,,Control,,Control,Passive,,,,H10
CT1328,SYBR,rbcL,NTC,,0,0,,0,54.7,,EB,EB,,Control,,Control,Passive,,,,H11
CT1329,SYBR,rbcL,NTC,,0,0,,0,54.7,,EB,EB,,Control,,Control,Passive,,,,H12
CT1720,SYBR,rbcL,Unkn,27.90697332,27.90697332,1.52E-06,-5.818179594,1.52E-06,54.7,1,KUR2,H02,PMNM,Hōlanikū,0.01,Compare,Passive,15,MCE/Buoy,1.8288,A1
CT1721,SYBR,rbcL,Unkn,27.10157595,27.10157595,2.55E-06,-5.593369258,2.55E-06,54.7,1,KUR2,H02,PMNM,Hōlanikū,0.01,Compare,Passive,15,MCE/Buoy,1.8288,A2
CT1722,SYBR,rbcL,Unkn,25.31768252,25.31768252,8.03E-06,-5.095431594,8.03E-06,54.7,1,KUR2,H02,PMNM,Hōlanikū,0.01,Compare,Passive,15,MCE/Buoy,1.8288,A3
CT1723,SYBR,rbcL,Unkn,28.90119164,28.90119164,8.02E-07,-6.095695469,8.02E-07,54.7,1,KUR4,H04,PMNM,Hōlanikū,0.01,Compare,Passive,15,MCE/Buoy,1.524,A4
CT1724,SYBR,rbcL,Unkn,29.3589218,29.3589218,5.98E-07,-6.223461559,5.98E-07,54.7,1,KUR4,H04,PMNM,Hōlanikū,0.01,Compare,Passive,15,MCE/Buoy,1.524,A5
CT1725,SYBR,rbcL,Unkn,27.06539655,27.06539655,2.61E-06,-5.583270512,2.61E-06,54.7,1,KUR4,H04,PMNM,Hōlanikū,0.01,Compare,Passive,15,MCE/Buoy,1.524,A6
CT1726,SYBR,rbcL,Unkn,27.89847242,27.89847242,1.53E-06,-5.815806742,1.53E-06,54.7,1,KUR5,H05,PMNM,Hōlanikū,0.01,Compare,Passive,15,MCE/Buoy,1.524,A7
CT1727,SYBR,rbcL,Unkn,28.00487905,28.00487905,1.43E-06,-5.845507992,1.43E-06,54.7,1,KUR5,H05,PMNM,Hōlanikū,0.01,Compare,Passive,15,MCE/Buoy,1.524,A8
CT1728,SYBR,rbcL,Unkn,29.76227641,29.76227641,4.61E-07,-6.336049816,4.61E-07,54.7,1,KUR5,H05,PMNM,Hōlanikū,0.01,Compare,Passive,15,MCE/Buoy,1.524,A9
CT1729,SYBR,rbcL,Unkn,,0,,,0,54.7,1,KUR9,H09,PMNM,Hōlanikū,0,Compare,Passive,15,MCE/Buoy,1.8288,A10
CT1730,SYBR,rbcL,Unkn,,0,,,0,54.7,1,KUR9,H09,PMNM,Hōlanikū,0,Compare,Passive,15,MCE/Buoy,1.8288,A11
CT1731,SYBR,rbcL,Unkn,,0,,,0,54.7,1,KUR9,H09,PMNM,Hōlanikū,0,Compare,Passive,15,MCE/Buoy,1.8288,A12
CT1732,SYBR,rbcL,Unkn,,0,,,0,54.7,1,KUR10,H10,PMNM,Hōlanikū,0,Compare,Passive,15,MCE/Buoy,0.9144,B1
CT1733,SYBR,rbcL,Unkn,,0,,,0,54.7,1,KUR10,H10,PMNM,Hōlanikū,0,Compare,Passive,15,MCE/Buoy,0.9144,B2
CT1734,SYBR,rbcL,Unkn,,0,,,0,54.7,1,KUR10,H10,PMNM,Hōlanikū,0,Compare,Passive,15,MCE/Buoy,0.9144,B3
CT1735,SYBR,rbcL,Std,7.084066532,7.084066532,1,0,1,54.7,,Standard,Standard,Standard,Control,,Control,,,,,B4
CT1736,SYBR,rbcL,Std,7.088995576,7.088995576,1,0,1,54.7,,Standard,Standard,Standard,Control,,Control,,,,,B5
CT1737,SYBR,rbcL,Std,7.115505096,7.115505096,1,0,1,54.7,,Standard,Standard,Standard,Control,,Control,,,,,B6
CT1756,SYBR,rbcL,NTC,,0,,,0,54.7,,NTC,NTC,NTC,Control,,Control,Passive,,,,D1
CT1757,SYBR,rbcL,NTC,,0,,,0,54.7,,NTC,NTC,NTC,Control,,Control,Passive,,,,D2
CT1758,SYBR,rbcL,NTC,,0,,,0,54.7,,NTC,NTC,NTC,Control,,Control,Passive,,,,D3
CT1816,SYBR,rbcL,Unkn,22.89959823,22.89959823,5.85E-05,-4.232734087,5.85E-05,54.7,1,K01PA,K01,PMNM,Kuaihelani,5,Compare,Passive,15,MCE/Buoy,3.6576,A1
CT1817,SYBR,rbcL,Unkn,23.59128312,23.59128312,3.85E-05,-4.414053941,3.85E-05,54.7,1,K01PA,K01,PMNM,Kuaihelani,5,Compare,Passive,15,MCE/Buoy,3.6576,A2
CT1818,SYBR,rbcL,Unkn,23.11922345,23.11922345,5.12E-05,-4.290307144,5.12E-05,54.7,1,K01PA,K01,PMNM,Kuaihelani,5,Compare,Passive,15,MCE/Buoy,3.6576,A3
CT1819,SYBR,rbcL,Unkn,23.18155251,23.18155251,4.94E-05,-4.306646225,4.94E-05,54.7,1,K01PA,K01,PMNM,Kuaihelani,5,Compare,Passive,15,MCE/Buoy,3.6576,A4
CT1820,SYBR,rbcL,Unkn,23.09151972,23.09151972,5.21E-05,-4.283044824,5.21E-05,54.7,1,K01PA,K01,PMNM,Kuaihelani,5,Compare,Passive,15,MCE/Buoy,3.6576,A5
CT1821,SYBR,rbcL,Unkn,23.56850286,23.56850286,3.91E-05,-4.408082271,3.91E-05,54.7,1,K01PA,K01,PMNM,Kuaihelani,5,Compare,Passive,15,MCE/Buoy,3.6576,A6
CT1822,SYBR,rbcL,Unkn,27.08490835,27.08490835,4.68E-06,-5.329880818,4.68E-06,54.7,2,K01PB,K01,PMNM,Kuaihelani,5,Compare,Passive,15,MCE/Buoy,3.6576,A7
CT1823,SYBR,rbcL,Unkn,24.3316176,24.3316176,2.47E-05,-4.608126907,2.47E-05,54.7,2,K01PB,K01,PMNM,Kuaihelani,5,Compare,Passive,15,MCE/Buoy,3.6576,A8
CT1824,SYBR,rbcL,Unkn,25.25468405,25.25468405,1.41E-05,-4.850101651,1.41E-05,54.7,2,K01PB,K01,PMNM,Kuaihelani,5,Compare,Passive,15,MCE/Buoy,3.6576,A9
CT1825,SYBR,rbcL,Unkn,25.65570279,25.65570279,1.11E-05,-4.955225615,1.11E-05,54.7,2,K01PB,K01,PMNM,Kuaihelani,5,Compare,Passive,15,MCE/Buoy,3.6576,A10
CT1826,SYBR,rbcL,Unkn,25.38833028,25.38833028,1.30E-05,-4.885135978,1.30E-05,54.7,2,K01PB,K01,PMNM,Kuaihelani,5,Compare,Passive,15,MCE/Buoy,3.6576,A11
CT1827,SYBR,rbcL,Unkn,24.7912431,24.7912431,1.87E-05,-4.728614185,1.87E-05,54.7,2,K01PB,K01,PMNM,Kuaihelani,5,Compare,Passive,15,MCE/Buoy,3.6576,A12
CT1828,SYBR,rbcL,Unkn,24.07923564,24.07923564,2.87E-05,-4.541966926,2.87E-05,54.7,1,K05PA,K05,PMNM,Kuaihelani,85,Compare,Passive,15,MCE/Buoy,1.524,B1
CT1829,SYBR,rbcL,Unkn,24.99840022,24.99840022,1.65E-05,-4.782918823,1.65E-05,54.7,1,K05PA,K05,PMNM,Kuaihelani,85,Compare,Passive,15,MCE/Buoy,1.524,B2
CT1830,SYBR,rbcL,Unkn,24.36777585,24.36777585,2.41E-05,-4.617605514,2.41E-05,54.7,1,K05PA,K05,PMNM,Kuaihelani,85,Compare,Passive,15,MCE/Buoy,1.524,B3
CT1831,SYBR,rbcL,Unkn,25.94139866,25.94139866,9.33E-06,-5.030118582,9.33E-06,54.7,1,K05PA,K05,PMNM,Kuaihelani,85,Compare,Passive,15,MCE/Buoy,1.524,B4
CT1832,SYBR,rbcL,Unkn,24.42069225,24.42069225,2.34E-05,-4.631477139,2.34E-05,54.7,1,K05PA,K05,PMNM,Kuaihelani,85,Compare,Passive,15,MCE/Buoy,1.524,B5
CT1833,SYBR,rbcL,Unkn,25.18345182,25.18345182,1.47E-05,-4.83142867,1.47E-05,54.7,1,K05PA,K05,PMNM,Kuaihelani,85,Compare,Passive,15,MCE/Buoy,1.524,B6
CT1834,SYBR,rbcL,Unkn,23.72962092,23.72962092,3.55E-05,-4.450318127,3.55E-05,54.7,2,K05PB,K05,PMNM,Kuaihelani,85,Compare,Passive,15,MCE/Buoy,1.524,B7
CT1835,SYBR,rbcL,Unkn,24.48895307,24.48895307,2.24E-05,-4.649371188,2.24E-05,54.7,2,K05PB,K05,PMNM,Kuaihelani,85,Compare,Passive,15,MCE/Buoy,1.524,B8
CT1836,SYBR,rbcL,Unkn,24.66966492,24.66966492,2.01E-05,-4.696743403,2.01E-05,54.7,2,K05PB,K05,PMNM,Kuaihelani,85,Compare,Passive,15,MCE/Buoy,1.524,B9
CT1837,SYBR,rbcL,Unkn,23.97052929,23.97052929,3.07E-05,-4.513470397,3.07E-05,54.7,2,K05PB,K05,PMNM,Kuaihelani,85,Compare,Passive,15,MCE/Buoy,1.524,B10
CT1838,SYBR,rbcL,Unkn,24.43095842,24.43095842,2.32E-05,-4.634168336,2.32E-05,54.7,2,K05PB,K05,PMNM,Kuaihelani,85,Compare,Passive,15,MCE/Buoy,1.524,B11
CT1839,SYBR,rbcL,Unkn,24.04621694,24.04621694,2.93E-05,-4.53331133,2.93E-05,54.7,2,K05PB,K05,PMNM,Kuaihelani,85,Compare,Passive,15,MCE/Buoy,1.524,B12
CT1840,SYBR,rbcL,Unkn,27.10233053,27.10233053,4.63E-06,-5.334447908,4.63E-06,54.7,1,K12PA,K12,PMNM,Kuaihelani,5,Compare,Passive,15,MCE/Buoy,1.524,C1
CT1841,SYBR,rbcL,Unkn,28.1547279,28.1547279,2.45E-06,-5.610325751,2.45E-06,54.7,1,K12PA,K12,PMNM,Kuaihelani,5,Compare,Passive,15,MCE/Buoy,1.524,C2
CT1842,SYBR,rbcL,Unkn,27.53007045,27.53007045,3.58E-06,-5.446576624,3.58E-06,54.7,1,K12PA,K12,PMNM,Kuaihelani,5,Compare,Passive,15,MCE/Buoy,1.524,C3
CT1843,SYBR,rbcL,Unkn,27.06231079,27.06231079,4.74E-06,-5.32395704,4.74E-06,54.7,1,K12PA,K12,PMNM,Kuaihelani,5,Compare,Passive,15,MCE/Buoy,1.524,C4
CT1844,SYBR,rbcL,Unkn,25.53038046,25.53038046,1.20E-05,-4.922373335,1.20E-05,54.7,1,K12PA,K12,PMNM,Kuaihelani,5,Compare,Passive,15,MCE/Buoy,1.524,C5
CT1845,SYBR,rbcL,Unkn,26.20351944,26.20351944,7.96E-06,-5.098831519,7.96E-06,54.7,1,K12PA,K12,PMNM,Kuaihelani,5,Compare,Passive,15,MCE/Buoy,1.524,C6
CT1846,SYBR,rbcL,Unkn,26.86985004,26.86985004,5.33E-06,-5.273504943,5.33E-06,54.7,2,K12PB,K12,PMNM,Kuaihelani,5,Compare,Passive,15,MCE/Buoy,1.524,C7
CT1847,SYBR,rbcL,Unkn,23.95647605,23.95647605,3.09E-05,-4.509786447,3.09E-05,54.7,2,K12PB,K12,PMNM,Kuaihelani,5,Compare,Passive,15,MCE/Buoy,1.524,C8
CT1848,SYBR,rbcL,Unkn,24.70296596,24.70296596,1.97E-05,-4.705473014,1.97E-05,54.7,2,K12PB,K12,PMNM,Kuaihelani,5,Compare,Passive,15,MCE/Buoy,1.524,C9
CT1849,SYBR,rbcL,Unkn,26.22157454,26.22157454,7.88E-06,-5.103564527,7.88E-06,54.7,2,K12PB,K12,PMNM,Kuaihelani,5,Compare,Passive,15,MCE/Buoy,1.524,C10
CT1850,SYBR,rbcL,Unkn,26.03067897,26.03067897,8.84E-06,-5.053522725,8.84E-06,54.7,2,K12PB,K12,PMNM,Kuaihelani,5,Compare,Passive,15,MCE/Buoy,1.524,C11
CT1851,SYBR,rbcL,Unkn,25.8575702,25.8575702,9.81E-06,-5.008143599,9.81E-06,54.7,2,K12PB,K12,PMNM,Kuaihelani,5,Compare,Passive,15,MCE/Buoy,1.524,C12
CT1852,SYBR,rbcL,Unkn,23.99060397,23.99060397,3.03E-05,-4.518732817,3.03E-05,54.7,1,K13PA,K13,PMNM,Kuaihelani,80,Compare,Passive,15,MCE/Buoy,2.7432,D1
CT1853,SYBR,rbcL,Unkn,24.25557545,24.25557545,2.58E-05,-4.588193047,2.58E-05,54.7,1,K13PA,K13,PMNM,Kuaihelani,80,Compare,Passive,15,MCE/Buoy,2.7432,D2
CT1854,SYBR,rbcL,Unkn,23.71039905,23.71039905,3.59E-05,-4.445279261,3.59E-05,54.7,1,K13PA,K13,PMNM,Kuaihelani,80,Compare,Passive,15,MCE/Buoy,2.7432,D3
CT1855,SYBR,rbcL,Unkn,24.77200412,24.77200412,1.89E-05,-4.723570835,1.89E-05,54.7,1,K13PA,K13,PMNM,Kuaihelani,80,Compare,Passive,15,MCE/Buoy,2.7432,D4
CT1856,SYBR,rbcL,Unkn,25.02281655,25.02281655,1.62E-05,-4.789319375,1.62E-05,54.7,1,K13PA,K13,PMNM,Kuaihelani,80,Compare,Passive,15,MCE/Buoy,2.7432,D5
CT1857,SYBR,rbcL,Unkn,23.85593517,23.85593517,3.29E-05,-4.483430431,3.29E-05,54.7,1,K13PA,K13,PMNM,Kuaihelani,80,Compare,Passive,15,MCE/Buoy,2.7432,D6
CT1858,SYBR,rbcL,Unkn,22.59091757,22.59091757,7.05E-05,-4.151815838,7.05E-05,54.7,2,K13PB,K13,PMNM,Kuaihelani,80,Compare,Passive,15,MCE/Buoy,2.7432,D7
CT1859,SYBR,rbcL,Unkn,22.92166128,22.92166128,5.77E-05,-4.238517748,5.77E-05,54.7,2,K13PB,K13,PMNM,Kuaihelani,80,Compare,Passive,15,MCE/Buoy,2.7432,D8
CT1860,SYBR,rbcL,Unkn,23.2360886,23.2360886,4.78E-05,-4.32094244,4.78E-05,54.7,2,K13PB,K13,PMNM,Kuaihelani,80,Compare,Passive,15,MCE/Buoy,2.7432,D9
CT1861,SYBR,rbcL,Unkn,24.10082561,24.10082561,2.83E-05,-4.547626571,2.83E-05,54.7,2,K13PB,K13,PMNM,Kuaihelani,80,Compare,Passive,15,MCE/Buoy,2.7432,D10
CT1862,SYBR,rbcL,Unkn,22.26042108,22.26042108,8.61E-05,-4.065178735,8.61E-05,54.7,2,K13PB,K13,PMNM,Kuaihelani,80,Compare,Passive,15,MCE/Buoy,2.7432,D11
CT1863,SYBR,rbcL,Unkn,21.97882736,21.97882736,0.000102009,-3.991361114,0.000102009,54.7,2,K13PB,K13,PMNM,Kuaihelani,80,Compare,Passive,15,MCE/Buoy,2.7432,D12
CT1864,SYBR,rbcL,Unkn,21.16371589,21.16371589,0.000166845,-3.777685937,0.000166845,54.7,1,K17PA,K17,PMNM,Kuaihelani,20,Compare,Passive,15,MCE/Buoy,1.0668,E1
CT1865,SYBR,rbcL,Unkn,21.43931238,21.43931238,0.000141276,-3.849931429,0.000141276,54.7,1,K17PA,K17,PMNM,Kuaihelani,20,Compare,Passive,15,MCE/Buoy,1.0668,E2
CT1866,SYBR,rbcL,Unkn,21.39506455,21.39506455,0.0001451,-3.838332202,0.0001451,54.7,1,K17PA,K17,PMNM,Kuaihelani,20,Compare,Passive,15,MCE/Buoy,1.0668,E3
CT1867,SYBR,rbcL,Unkn,21.15832337,21.15832337,0.000167389,-3.77627233,0.000167389,54.7,1,K17PA,K17,PMNM,Kuaihelani,20,Compare,Passive,15,MCE/Buoy,1.0668,E4
CT1868,SYBR,rbcL,Unkn,21.85817863,21.85817863,0.000109715,-3.959733981,0.000109715,54.7,1,K17PA,K17,PMNM,Kuaihelani,20,Compare,Passive,15,MCE/Buoy,1.0668,E5
CT1869,SYBR,rbcL,Unkn,21.23471893,21.23471893,0.000159846,-3.796298837,0.000159846,54.7,1,K17PA,K17,PMNM,Kuaihelani,20,Compare,Passive,15,MCE/Buoy,1.0668,E6
CT1870,SYBR,rbcL,Unkn,25.58769548,25.58769548,1.16E-05,-4.937398024,1.16E-05,54.7,2,K17PB,K17,PMNM,Kuaihelani,20,Compare,Passive,15,MCE/Buoy,1.0668,E7
CT1871,SYBR,rbcL,Unkn,25.63931777,25.63931777,1.12E-05,-4.95093041,1.12E-05,54.7,2,K17PB,K17,PMNM,Kuaihelani,20,Compare,Passive,15,MCE/Buoy,1.0668,E8
CT1872,SYBR,rbcL,Unkn,25.12250105,25.12250105,1.53E-05,-4.815450897,1.53E-05,54.7,2,K17PB,K17,PMNM,Kuaihelani,20,Compare,Passive,15,MCE/Buoy,1.0668,E9
CT1873,SYBR,rbcL,Unkn,24.54457733,24.54457733,2.17E-05,-4.663952655,2.17E-05,54.7,2,K17PB,K17,PMNM,Kuaihelani,20,Compare,Passive,15,MCE/Buoy,1.0668,E10
CT1874,SYBR,rbcL,Unkn,28.61599624,28.61599624,1.86E-06,-5.731243685,1.86E-06,54.7,2,K17PB,K17,PMNM,Kuaihelani,20,Compare,Passive,15,MCE/Buoy,1.0668,E11
CT1875,SYBR,rbcL,Unkn,24.63087695,24.63087695,2.06E-05,-4.686575437,2.06E-05,54.7,2,K17PB,K17,PMNM,Kuaihelani,20,Compare,Passive,15,MCE/Buoy,1.0668,E12
CT1876,SYBR,rbcL,Std,,0,1,0,0,54.7,,Standard,Standard,Standard,Control,,Control,,,,,F1
CT1877,SYBR,rbcL,Std,,0,1,0,0,54.7,,Standard,Standard,Standard,Control,,Control,,,,,F2
CT1878,SYBR,rbcL,Std,,0,1,0,0,54.7,,Standard,Standard,Standard,Control,,Control,,,,,F3
CT1897,SYBR,rbcL,NTC,,0,,,0,54.7,,NTC,NTC,NTC,Control,,Control,Passive,,,,G10
CT1898,SYBR,rbcL,NTC,,0,,,0,54.7,,NTC,NTC,NTC,Control,,Control,Passive,,,,G11
CT1899,SYBR,rbcL,NTC,,0,,,0,54.7,,NTC,NTC,NTC,Control,,Control,Passive,,,,G12
CT1900,SYBR,rbcL,Unkn,,0,,,0,54.7,,EB,EB,,Control,,Control,Passive,,,,H1
CT1901,SYBR,rbcL,Unkn,,0,,,0,54.7,,EB,EB,,Control,,Control,Passive,,,,H2
CT1902,SYBR,rbcL,Unkn,,0,,,0,54.7,,EB,EB,,Control,,Control,Passive,,,,H3
P0007,SYBR,rbcL,Unkn,21.69482047,21.69482047,940960259.9,8.973571282,940960259.9,54.7,1,K02B,K02,PMNM,Kuaihelani,1,Cotton,Passive,15,Cotton/Buoy,3.6576,A7
P0008,SYBR,rbcL,Unkn,21.5324819,21.5324819,2184684847,9.339388796,2184684847,54.7,1,K02B,K02,PMNM,Kuaihelani,1,Cotton,Passive,15,Cotton/Buoy,3.6576,A8
P0009,SYBR,rbcL,Unkn,22.9342472,22.9342472,1515717.704,6.180618323,1515717.704,54.7,1,K02B,K02,PMNM,Kuaihelani,1,Cotton,Passive,15,Cotton/Buoy,3.6576,A9
P0010,SYBR,rbcL,Unkn,25.72500788,25.72500788,0.779566958,-0.108146577,0.779566958,54.7,2,K02B,K02,PMNM,Kuaihelani,1,Cotton,Passive,15,Cotton/Buoy,3.6576,A10
P0011,SYBR,rbcL,Unkn,23.70653912,23.70653912,27562.44799,4.440317787,27562.44799,54.7,2,K02B,K02,PMNM,Kuaihelani,1,Cotton,Passive,15,Cotton/Buoy,3.6576,A11
P0012,SYBR,rbcL,Unkn,23.26039298,23.26039298,279044.7491,5.445673855,279044.7491,54.7,2,K02B,K02,PMNM,Kuaihelani,1,Cotton,Passive,15,Cotton/Buoy,3.6576,A12
P0019,SYBR,rbcL,Unkn,23.24193154,23.24193154,307096.8032,5.487275296,307096.8032,54.7,1,K07B,K07,PMNM,Kuaihelani,0.1,Cotton,Passive,15,Cotton/Buoy,2.7432,B7
P0020,SYBR,rbcL,Unkn,21.65402258,21.65402258,1162803140,9.065506196,1162803140,54.7,1,K07B,K07,PMNM,Kuaihelani,0.1,Cotton,Passive,15,Cotton/Buoy,2.7432,B8
P0021,SYBR,rbcL,Unkn,21.98600824,21.98600824,207683510.3,8.317402016,207683510.3,54.7,1,K07B,K07,PMNM,Kuaihelani,0.1,Cotton,Passive,15,Cotton/Buoy,2.7432,B9
P0022,SYBR,rbcL,Unkn,22.02705604,22.02705604,167843272.1,8.224903938,167843272.1,54.7,2,K07B,K07,PMNM,Kuaihelani,0.1,Cotton,Passive,15,Cotton/Buoy,2.7432,B10
P0023,SYBR,rbcL,Unkn,20.70628084,20.70628084,1.59E+11,11.20116944,1.59E+11,54.7,2,K07B,K07,PMNM,Kuaihelani,0.1,Cotton,Passive,15,Cotton/Buoy,2.7432,B11
P0024,SYBR,rbcL,Unkn,22.15753807,22.15753807,85285012.08,7.930872715,85285012.08,54.7,2,K07B,K07,PMNM,Kuaihelani,0.1,Cotton,Passive,15,Cotton/Buoy,2.7432,B12
P0031,SYBR,rbcL,Unkn,23.66112111,23.66112111,34887.01367,4.542663795,34887.01367,54.7,1,K10B,K10,PMNM,Kuaihelani,20,Cotton,Passive,15,Cotton/Buoy,4.572,C7
P0032,SYBR,rbcL,Unkn,23.70760133,23.70760133,27410.95591,4.437924181,27410.95591,54.7,1,K10B,K10,PMNM,Kuaihelani,20,Cotton,Passive,15,Cotton/Buoy,4.572,C8
P0033,SYBR,rbcL,Unkn,24.69708153,24.69708153,161.5126494,2.208206541,161.5126494,54.7,1,K10B,K10,PMNM,Kuaihelani,20,Cotton,Passive,15,Cotton/Buoy,4.572,C9
P0034,SYBR,rbcL,Unkn,23.43963345,23.43963345,110095.4135,5.041769227,110095.4135,54.7,2,K10B,K10,PMNM,Kuaihelani,20,Cotton,Passive,15,Cotton/Buoy,4.572,C10
P0035,SYBR,rbcL,Unkn,22.19935474,22.19935474,68650238.88,7.836642053,68650238.88,54.7,2,K10B,K10,PMNM,Kuaihelani,20,Cotton,Passive,15,Cotton/Buoy,4.572,C11
P0036,SYBR,rbcL,Unkn,24.61054546,24.61054546,253.0515051,2.403208925,253.0515051,54.7,2,K10B,K10,PMNM,Kuaihelani,20,Cotton,Passive,15,Cotton/Buoy,4.572,C12
P0043,SYBR,rbcL,Unkn,,0,,,0,54.7,1,K11B,K11,PMNM,Kuaihelani,1,Cotton,Passive,15,Cotton/Buoy,2.7432,D7
P0044,SYBR,rbcL,Unkn,,0,,,0,54.7,1,K11B,K11,PMNM,Kuaihelani,1,Cotton,Passive,15,Cotton/Buoy,2.7432,D8
P0045,SYBR,rbcL,Unkn,,0,,,0,54.7,1,K11B,K11,PMNM,Kuaihelani,1,Cotton,Passive,15,Cotton/Buoy,2.7432,D9
P0046,SYBR,rbcL,Unkn,24.25024519,24.25024519,1641.035212,3.2151179,1641.035212,54.7,2,K11B,K11,PMNM,Kuaihelani,1,Cotton,Passive,15,Cotton/Buoy,2.7432,D10
P0047,SYBR,rbcL,Unkn,22.62491312,22.62491312,7545341.816,6.877678919,7545341.816,54.7,2,K11B,K11,PMNM,Kuaihelani,1,Cotton,Passive,15,Cotton/Buoy,2.7432,D11
P0048,SYBR,rbcL,Unkn,26.37751031,26.37751031,0.026393034,-1.578510677,0.026393034,54.7,2,K11B,K11,PMNM,Kuaihelani,1,Cotton,Passive,15,Cotton/Buoy,2.7432,D12
P0055,SYBR,rbcL,Unkn,,0,,,0,54.7,1,K14B,K14,PMNM,Kuaihelani,0,Cotton,Passive,15,Cotton/Buoy,7.62,E7
P0056,SYBR,rbcL,Unkn,,0,,,0,54.7,1,K14B,K14,PMNM,Kuaihelani,0,Cotton,Passive,15,Cotton/Buoy,7.62,E8
P0057,SYBR,rbcL,Unkn,,0,,,0,54.7,1,K14B,K14,PMNM,Kuaihelani,0,Cotton,Passive,15,Cotton/Buoy,7.62,E9
P0058,SYBR,rbcL,Unkn,,0,,,0,54.7,2,K14B,K14,PMNM,Kuaihelani,0,Cotton,Passive,15,Cotton/Buoy,7.62,E10
P0059,SYBR,rbcL,Unkn,,0,,,0,54.7,2,K14B,K14,PMNM,Kuaihelani,0,Cotton,Passive,15,Cotton/Buoy,7.62,E11
P0060,SYBR,rbcL,Unkn,,0,,,0,54.7,2,K14B,K14,PMNM,Kuaihelani,0,Cotton,Passive,15,Cotton/Buoy,7.62,E12
P0067,SYBR,rbcL,Unkn,,0,,,0,54.7,1,K15B,K15,PMNM,Kuaihelani,0,Cotton,Passive,15,Cotton/Buoy,1.8288,F7
P0068,SYBR,rbcL,Unkn,,0,,,0,54.7,1,K15B,K15,PMNM,Kuaihelani,0,Cotton,Passive,15,Cotton/Buoy,1.8288,F8
P0069,SYBR,rbcL,Unkn,,0,,,0,54.7,1,K15B,K15,PMNM,Kuaihelani,0,Cotton,Passive,15,Cotton/Buoy,1.8288,F9
P0070,SYBR,rbcL,Unkn,,0,,,0,54.7,2,K15B,K15,PMNM,Kuaihelani,0,Cotton,Passive,15,Cotton/Buoy,1.8288,F10
P0071,SYBR,rbcL,Unkn,,0,,,0,54.7,2,K15B,K15,PMNM,Kuaihelani,0,Cotton,Passive,15,Cotton/Buoy,1.8288,F11
P0072,SYBR,rbcL,Unkn,,0,,,0,54.7,2,K15B,K15,PMNM,Kuaihelani,0,Cotton,Passive,15,Cotton/Buoy,1.8288,F12
P0079,SYBR,rbcL,Unkn,15.00436443,15.00436443,1.12E+24,24.05000022,1.12E+24,54.7,,Standard,Standard,Standard,Control,,Control,,,,,G7
P0080,SYBR,rbcL,Unkn,14.96442593,14.96442593,1.38E+24,24.13999857,1.38E+24,54.7,,Standard,Standard,Standard,Control,,Control,,,,,G8
P0081,SYBR,rbcL,Unkn,14.69622207,14.69622207,5.55E+24,24.74437538,5.55E+24,54.7,,Standard,Standard,Standard,Control,,Control,,,,,G9
P0082,SYBR,rbcL,Std,23.52169057,23.52169057,10000,4,10000,54.7,,Standard,Standard,Standard,Control,,Control,,,,,G10
P0083,SYBR,rbcL,Std,25.02007297,25.02007297,10000,4,10000,54.7,,Standard,Standard,Standard,Control,,Control,,,,,G11
P0084,SYBR,rbcL,Std,23.15734174,23.15734174,10000,4,10000,54.7,,Standard,Standard,Standard,Control,,Control,,,,,G12
P0085,SYBR,rbcL,Std,24.22372879,24.22372879,1000,3,1000,54.7,,Standard,Standard,Standard,Control,,Control,,,,,H1
P0086,SYBR,rbcL,Std,24.62253596,24.62253596,1000,3,1000,54.7,,Standard,Standard,Standard,Control,,Control,,,,,H2
P0087,SYBR,rbcL,Std,24.2042802,24.2042802,1000,3,1000,54.7,,Standard,Standard,Standard,Control,,Control,,,,,H3
P0088,SYBR,rbcL,Std,25.81866035,25.81866035,100,2,100,54.7,,Standard,Standard,Standard,Control,,Control,,,,,H4
P0089,SYBR,rbcL,Std,24.28708563,24.28708563,100,2,100,54.7,,Standard,Standard,Standard,Control,,Control,,,,,H5
P0090,SYBR,rbcL,Std,24.25597498,24.25597498,100,2,100,54.7,,Standard,Standard,Standard,Control,,Control,,,,,H6
P0091,SYBR,rbcL,Std,,0,10,1,0,54.7,,Standard,Standard,Standard,Control,,Control,,,,,H7
P0092,SYBR,rbcL,Std,,0,10,1,0,54.7,,Standard,Standard,Standard,Control,,Control,,,,,H8
P0093,SYBR,rbcL,Std,,0,10,1,0,54.7,,Standard,Standard,Standard,Control,,Control,,,,,H9
P0094,SYBR,rbcL,NTC,,0,,,0,54.7,,NTC,NTC,NTC,Control,,Control,,,,,H10
P0095,SYBR,rbcL,NTC,,0,,,0,54.7,,NTC,NTC,NTC,Control,,Control,,,,,H11
P0096,SYBR,rbcL,NTC,,0,,,0,54.7,,NTC,NTC,NTC,Control,,Control,,,,,H12
P0265,SYBR,rbcL,Unkn,,0,,,0,54.7,,EB,EB,PMNM,Kuaihelani,,Control,Passive,,,,G1
P0266,SYBR,rbcL,Unkn,,0,,,0,54.7,,EB,EB,PMNM,Kuaihelani,,Control,Passive,,,,G2
P0267,SYBR,rbcL,Unkn,,0,,,0,54.7,,EB,EB,PMNM,Kuaihelani,,Control,Passive,,,,G3
P0268,SYBR,rbcL,Unkn,,0,,,0,54.7,,EB,EB,PMNM,Kuaihelani,,Control,Passive,,,,G4
P0269,SYBR,rbcL,Unkn,,0,,,0,54.7,,EB,EB,PMNM,Kuaihelani,,Control,Passive,,,,G5
P0270,SYBR,rbcL,Unkn,,0,,,0,54.7,,EB,EB,PMNM,Kuaihelani,,Control,Passive,,,,G6
P0271,SYBR,rbcL,Std,14.44387058,14.44387058,1.00E+05,5,1.00E+05,54.7,,Standard,Standard,Standard,Control,,Control,,,,,G7
P0272,SYBR,rbcL,Std,14.39425375,14.39425375,1.00E+05,5,1.00E+05,54.7,,Standard,Standard,Standard,Control,,Control,,,,,G8
P0273,SYBR,rbcL,Std,15.10672048,15.10672048,1.00E+05,5,1.00E+05,54.7,,Standard,Standard,Standard,Control,,Control,,,,,G9
P0274,SYBR,rbcL,Std,22.23899151,22.23899151,10000,4,10000,54.7,,Standard,Standard,Standard,Control,,Control,,,,,G10
P0275,SYBR,rbcL,Std,22.00173231,22.00173231,10000,4,10000,54.7,,Standard,Standard,Standard,Control,,Control,,,,,G11
P0276,SYBR,rbcL,Std,22.63535136,22.63535136,10000,4,10000,54.7,,Standard,Standard,Standard,Control,,Control,,,,,G12
P0277,SYBR,rbcL,Std,25.10805617,25.10805617,1000,3,1000,54.7,,Standard,Standard,Standard,Control,,Control,,,,,H1
P0278,SYBR,rbcL,Std,25.44534609,25.44534609,1000,3,1000,54.7,,Standard,Standard,Standard,Control,,Control,,,,,H2
P0279,SYBR,rbcL,Std,23.19422323,23.19422323,1000,3,1000,54.7,,Standard,Standard,Standard,Control,,Control,,,,,H3
P0280,SYBR,rbcL,Std,,0,100,2,0,54.7,,Standard,Standard,Standard,Control,,Control,,,,,H4
P0281,SYBR,rbcL,Std,,0,100,2,0,54.7,,Standard,Standard,Standard,Control,,Control,,,,,H5
P0282,SYBR,rbcL,Std,25.02648137,25.02648137,100,2,100,54.7,,Standard,Standard,Standard,Control,,Control,,,,,H6
P0283,SYBR,rbcL,Std,,0,10,1,0,54.7,,Standard,Standard,Standard,Control,,Control,,,,,H7
P0284,SYBR,rbcL,Std,,0,10,1,0,54.7,,Standard,Standard,Standard,Control,,Control,,,,,H8
P0285,SYBR,rbcL,Std,,0,10,1,0,54.7,,Standard,Standard,Standard,Control,,Control,,,,,H9
P0286,SYBR,rbcL,NTC,,0,,,0,54.7,,NTC,NTC,NTC,Control,,Control,,,,,H10
P0287,SYBR,rbcL,NTC,,0,,,0,54.7,,NTC,NTC,NTC,Control,,Control,,,,,H11
P0288,SYBR,rbcL,NTC,,0,,,0,54.7,,NTC,NTC,NTC,Control,,Control,,,,,H12
P0295,SYBR,rbcL,Unkn,,0,,,0,54.7,1,K23B,K23,PMNM,Kuaihelani,0,Cotton,Passive,15,Cotton/Buoy,0.9144,A7
P0296,SYBR,rbcL,Unkn,,0,,,0,54.7,1,K23B,K23,PMNM,Kuaihelani,0,Cotton,Passive,15,Cotton/Buoy,0.9144,A8
P0297,SYBR,rbcL,Unkn,,0,,,0,54.7,1,K23B,K23,PMNM,Kuaihelani,0,Cotton,Passive,15,Cotton/Buoy,0.9144,A9
P0298,SYBR,rbcL,Unkn,,0,,,0,54.7,2,K23B,K23,PMNM,Kuaihelani,0,Cotton,Passive,15,Cotton/Buoy,0.9144,A10
P0299,SYBR,rbcL,Unkn,,0,,,0,54.7,2,K23B,K23,PMNM,Kuaihelani,0,Cotton,Passive,15,Cotton/Buoy,0.9144,A11
P0300,SYBR,rbcL,Unkn,,0,,,0,54.7,2,K23B,K23,PMNM,Kuaihelani,0,Cotton,Passive,15,Cotton/Buoy,0.9144,A12
P0307,SYBR,rbcL,Unkn,,0,,,0,54.7,1,K24B,K24,PMNM,Kuaihelani,0,Cotton,Passive,15,Cotton/Buoy,0.9144,B7
P0308,SYBR,rbcL,Unkn,,0,,,0,54.7,1,K24B,K24,PMNM,Kuaihelani,0,Cotton,Passive,15,Cotton/Buoy,0.9144,B8
P0309,SYBR,rbcL,Unkn,,0,,,0,54.7,1,K24B,K24,PMNM,Kuaihelani,0,Cotton,Passive,15,Cotton/Buoy,0.9144,B9
P0310,SYBR,rbcL,Unkn,,0,,,0,54.7,2,K24B,K24,PMNM,Kuaihelani,0,Cotton,Passive,15,Cotton/Buoy,0.9144,B10
P0311,SYBR,rbcL,Unkn,,0,,,0,54.7,2,K24B,K24,PMNM,Kuaihelani,0,Cotton,Passive,15,Cotton/Buoy,0.9144,B11
P0312,SYBR,rbcL,Unkn,,0,,,0,54.7,2,K24B,K24,PMNM,Kuaihelani,0,Cotton,Passive,15,Cotton/Buoy,0.9144,B12
P0313,SYBR,rbcL,Unkn,,0,,,0,54.7,1,K16B,K16,PMNM,Kuaihelani,0,Cotton,Passive,15,Cotton/Buoy,0.9144,C1
P0314,SYBR,rbcL,Unkn,,0,,,0,54.7,1,K16B,K16,PMNM,Kuaihelani,0,Cotton,Passive,15,Cotton/Buoy,0.9144,C2
P0315,SYBR,rbcL,Unkn,,0,,,0,54.7,1,K16B,K16,PMNM,Kuaihelani,0,Cotton,Passive,15,Cotton/Buoy,0.9144,C3
P0316,SYBR,rbcL,Unkn,,0,,,0,54.7,2,K16B,K16,PMNM,Kuaihelani,0,Cotton,Passive,15,Cotton/Buoy,0.9144,C4
P0317,SYBR,rbcL,Unkn,,0,,,0,54.7,2,K16B,K16,PMNM,Kuaihelani,0,Cotton,Passive,15,Cotton/Buoy,0.9144,C5
P0318,SYBR,rbcL,Unkn,,0,,,0,54.7,2,K16B,K16,PMNM,Kuaihelani,0,Cotton,Passive,15,Cotton/Buoy,0.9144,C6
P0325,SYBR,rbcL,Unkn,,0,,,0,54.7,1,K21B,K21,PMNM,Kuaihelani,0,Cotton,Passive,15,Cotton/Buoy,4.572,D1
P0326,SYBR,rbcL,Unkn,,0,,,0,54.7,1,K21B,K21,PMNM,Kuaihelani,0,Cotton,Passive,15,Cotton/Buoy,4.572,D2
P0327,SYBR,rbcL,Unkn,,0,,,0,54.7,1,K21B,K21,PMNM,Kuaihelani,0,Cotton,Passive,15,Cotton/Buoy,4.572,D3
P0328,SYBR,rbcL,Unkn,,0,,,0,54.7,2,K21B,K21,PMNM,Kuaihelani,0,Cotton,Passive,15,Cotton/Buoy,4.572,D4
P0329,SYBR,rbcL,Unkn,,0,,,0,54.7,2,K21B,K21,PMNM,Kuaihelani,0,Cotton,Passive,15,Cotton/Buoy,4.572,D5
P0330,SYBR,rbcL,Unkn,,0,,,0,54.7,2,K21B,K21,PMNM,Kuaihelani,0,Cotton,Passive,15,Cotton/Buoy,4.572,D6
P0337,SYBR,rbcL,Unkn,,0,,,0,54.7,1,K22B,K22,PMNM,Kuaihelani,0,Cotton,Passive,15,Cotton/Buoy,1.524,E1
P0338,SYBR,rbcL,Unkn,,0,,,0,54.7,1,K22B,K22,PMNM,Kuaihelani,0,Cotton,Passive,15,Cotton/Buoy,1.524,E2
P0339,SYBR,rbcL,Unkn,,0,,,0,54.7,1,K22B,K22,PMNM,Kuaihelani,0,Cotton,Passive,15,Cotton/Buoy,1.524,E3
P0340,SYBR,rbcL,Unkn,,0,,,0,54.7,2,K22B,K22,PMNM,Kuaihelani,0,Cotton,Passive,15,Cotton/Buoy,1.524,E4
P0341,SYBR,rbcL,Unkn,,0,,,0,54.7,2,K22B,K22,PMNM,Kuaihelani,0,Cotton,Passive,15,Cotton/Buoy,1.524,E5
P0342,SYBR,rbcL,Unkn,,0,,,0,54.7,2,K22B,K22,PMNM,Kuaihelani,0,Cotton,Passive,15,Cotton/Buoy,1.524,E6
P0349,SYBR,rbcL,Unkn,15.28289865,15.28289865,113160.0119,5.053692984,113160.0119,54.7,1,K20B,K20,PMNM,Kuaihelani,0.1,Cotton,Passive,15,Cotton/Buoy,1.8288,F1
P0350,SYBR,rbcL,Unkn,15.14383502,15.14383502,122227.9583,5.087170557,122227.9583,54.7,1,K20B,K20,PMNM,Kuaihelani,0.1,Cotton,Passive,15,Cotton/Buoy,1.8288,F2
P0351,SYBR,rbcL,Unkn,15.11889837,15.11889837,123929.2149,5.093173698,123929.2149,54.7,1,K20B,K20,PMNM,Kuaihelani,0.1,Cotton,Passive,15,Cotton/Buoy,1.8288,F3
P0352,SYBR,rbcL,Unkn,18.42437718,18.42437718,19834.76712,4.297427106,19834.76712,54.7,2,K20B,K20,PMNM,Kuaihelani,0.1,Cotton,Passive,15,Cotton/Buoy,1.8288,F4
P0353,SYBR,rbcL,Unkn,17.34464676,17.34464676,36087.49288,4.557356711,36087.49288,54.7,2,K20B,K20,PMNM,Kuaihelani,0.1,Cotton,Passive,15,Cotton/Buoy,1.8288,F5
P0354,SYBR,rbcL,Unkn,17.39104511,17.39104511,35171.18278,4.546186974,35171.18278,54.7,2,K20B,K20,PMNM,Kuaihelani,0.1,Cotton,Passive,15,Cotton/Buoy,1.8288,F6
P0355,SYBR,rbcL,Unkn,,0,,,0,54.7,,EB,EB,PMNM,Kuaihelani,,Control,Passive,,,,F7
P0356,SYBR,rbcL,Unkn,,0,,,0,54.7,,EB,EB,PMNM,Kuaihelani,,Control,Passive,,,,F8
P0357,SYBR,rbcL,Unkn,,0,,,0,54.7,,EB,EB,PMNM,Kuaihelani,,Control,Passive,,,,F9
P0358,SYBR,rbcL,Unkn,,0,,,0,54.7,,EB,EB,PMNM,Kuaihelani,,Control,Passive,,,,F10
P0359,SYBR,rbcL,Unkn,,0,,,0,54.7,,EB,EB,PMNM,Kuaihelani,,Control,Passive,,,,F11
P0360,SYBR,rbcL,Unkn,,0,,,0,54.7,,EB,EB,PMNM,Kuaihelani,,Control,Passive,,,,F12
P0361,SYBR,rbcL,Unkn,,0,,,0,54.7,,EB,EB,PMNM,Kuaihelani,,Control,Passive,,,,G1
P0362,SYBR,rbcL,Unkn,,0,,,0,54.7,,EB,EB,PMNM,Kuaihelani,,Control,Passive,,,,G2
P0363,SYBR,rbcL,Unkn,,0,,,0,54.7,,EB,EB,PMNM,Kuaihelani,,Control,Passive,,,,G3
P0364,SYBR,rbcL,Unkn,,0,,,0,54.7,,EB,EB,PMNM,Kuaihelani,,Control,Passive,,,,G4
P0365,SYBR,rbcL,Unkn,,0,,,0,54.7,,EB,EB,PMNM,Kuaihelani,,Control,Passive,,,,G5
P0366,SYBR,rbcL,Unkn,,0,,,0,54.7,,EB,EB,PMNM,Kuaihelani,,Control,Passive,,,,G6
P0367,SYBR,rbcL,Std,14.84448612,14.84448612,1.00E+05,5,1.00E+05,54.7,,Standard,Standard,Standard,Control,,Control,,,,,G7
P0368,SYBR,rbcL,Std,15.22770784,15.22770784,1.00E+05,5,1.00E+05,54.7,,Standard,Standard,Standard,Control,,Control,,,,,G8
P0369,SYBR,rbcL,Std,14.24848654,14.24848654,1.00E+05,5,1.00E+05,54.7,,Standard,Standard,Standard,Control,,Control,,,,,G9
P0370,SYBR,rbcL,Std,23.15528366,23.15528366,10000,4,10000,54.7,,Standard,Standard,Standard,Control,,Control,,,,,G10
P0371,SYBR,rbcL,Std,,0,10000,4,0,54.7,,Standard,Standard,Standard,Control,,Control,,,,,G11
P0372,SYBR,rbcL,Std,,0,10000,4,0,54.7,,Standard,Standard,Standard,Control,,Control,,,,,G12
P0373,SYBR,rbcL,Std,25.18698411,25.18698411,1000,3,1000,54.7,,Standard,Standard,Standard,Control,,Control,,,,,H1
P0374,SYBR,rbcL,Std,,0,1000,3,0,54.7,,Standard,Standard,Standard,Control,,Control,,,,,H2
P0375,SYBR,rbcL,Std,22.04117586,22.04117586,1000,3,1000,54.7,,Standard,Standard,Standard,Control,,Control,,,,,H3
P0376,SYBR,rbcL,Std,,0,100,2,0,54.7,,Standard,Standard,Standard,Control,,Control,,,,,H4
P0377,SYBR,rbcL,Std,27.06889806,27.06889806,100,2,100,54.7,,Standard,Standard,Standard,Control,,Control,,,,,H5
P0378,SYBR,rbcL,Std,,0,100,2,0,54.7,,Standard,Standard,Standard,Control,,Control,,,,,H6
P0379,SYBR,rbcL,Std,,0,10,1,0,54.7,,Standard,Standard,Standard,Control,,Control,,,,,H7
P0380,SYBR,rbcL,Std,,0,10,1,0,54.7,,Standard,Standard,Standard,Control,,Control,,,,,H8
P0381,SYBR,rbcL,Std,,0,10,1,0,54.7,,Standard,Standard,Standard,Control,,Control,,,,,H9
P0382,SYBR,rbcL,NTC,,0,,,0,54.7,,NTC,NTC,NTC,Control,,Control,,,,,H10
P0383,SYBR,rbcL,NTC,,0,,,0,54.7,,NTC,NTC,NTC,Control,,Control,,,,,H11
P0384,SYBR,rbcL,NTC,,0,,,0,54.7,,NTC,NTC,NTC,Control,,Control,,,,,H12
P0400,SYBR,rbcL,Unkn,,0,,,0,54.7,,EB,PHR10,PMNM,Control,,SCUBA,Passive,,,,A1
P0401,SYBR,rbcL,Unkn,,0,,,0,54.7,,EB,PHR10,PMNM,Control,,SCUBA,Passive,,,,A2
P0402,SYBR,rbcL,Unkn,,0,,,0,54.7,,EB,PHR10,PMNM,Control,,SCUBA,Passive,,,,A3
P0403,SYBR,rbcL,Unkn,20.39385264,20.39385264,639.4791831,2.805826411,639.4791831,54.7,1,PHR-9208,PHR10,PMNM,Manawai,20,SCUBA,Passive,225,Cotton/SCUBA,20.7264,A4
P0404,SYBR,rbcL,Unkn,20.90769395,20.90769395,466.7884493,2.669120101,466.7884493,54.7,1,PHR-9208,PHR10,PMNM,Manawai,20,SCUBA,Passive,225,Cotton/SCUBA,20.7264,A5
P0405,SYBR,rbcL,Unkn,20.56744209,20.56744209,574.9675477,2.759643333,574.9675477,54.7,1,PHR-9208,PHR10,PMNM,Manawai,20,SCUBA,Passive,225,Cotton/SCUBA,20.7264,A6
P0406,SYBR,rbcL,Unkn,21.52065514,21.52065514,320.6588072,2.506043173,320.6588072,54.7,2,PHR-9208,PHR10,PMNM,Manawai,20,SCUBA,Passive,225,Cotton/SCUBA,20.7264,A7
P0407,SYBR,rbcL,Unkn,21.59952838,21.59952838,305.5337045,2.485059126,305.5337045,54.7,2,PHR-9208,PHR10,PMNM,Manawai,20,SCUBA,Passive,225,Cotton/SCUBA,20.7264,A8
P0408,SYBR,rbcL,Unkn,20.94587203,20.94587203,455.9979707,2.65896291,455.9979707,54.7,2,PHR-9208,PHR10,PMNM,Manawai,20,SCUBA,Passive,225,Cotton/SCUBA,20.7264,A9
P0409,SYBR,rbcL,Unkn,,0,,,0,54.7,,EB,PHR04,PMNM,Control,,SCUBA,Passive,,,,A10
P0410,SYBR,rbcL,Unkn,,0,,,0,54.7,,EB,PHR04,PMNM,Control,,SCUBA,Passive,,,,A11
P0411,SYBR,rbcL,Unkn,,0,,,0,54.7,,EB,PHR04,PMNM,Control,,SCUBA,Passive,,,,A12
P0412,SYBR,rbcL,Unkn,,0,,,0,54.7,1,PHR-9926,PHR04,PMNM,Manawai,0,SCUBA,Passive,225,Cotton/SCUBA,21.336,B1
P0413,SYBR,rbcL,Unkn,,0,,,0,54.7,1,PHR-9926,PHR04,PMNM,Manawai,0,SCUBA,Passive,225,Cotton/SCUBA,21.336,B2
P0414,SYBR,rbcL,Unkn,,0,,,0,54.7,1,PHR-9926,PHR04,PMNM,Manawai,0,SCUBA,Passive,225,Cotton/SCUBA,21.336,B3
P0415,SYBR,rbcL,Unkn,,0,,,0,54.7,2,PHR-9926,PHR04,PMNM,Manawai,0,SCUBA,Passive,225,Cotton/SCUBA,21.336,B4
P0416,SYBR,rbcL,Unkn,,0,,,0,54.7,2,PHR-9926,PHR04,PMNM,Manawai,0,SCUBA,Passive,225,Cotton/SCUBA,21.336,B5
P0417,SYBR,rbcL,Unkn,,0,,,0,54.7,2,PHR-9926,PHR04,PMNM,Manawai,0,SCUBA,Passive,225,Cotton/SCUBA,21.336,B6
P0418,SYBR,rbcL,Unkn,,0,,,0,54.7,,EB,PHR06/06/09,PMNM,Control,,SCUBA,Passive,,,,B7
P0419,SYBR,rbcL,Unkn,,0,,,0,54.7,,EB,PHR06/06/09,PMNM,Control,,SCUBA,Passive,,,,B8
P0420,SYBR,rbcL,Unkn,,0,,,0,54.7,,EB,PHR06/06/09,PMNM,Control,,SCUBA,Passive,,,,B9
P0421,SYBR,rbcL,Unkn,23.45546716,23.45546716,98.0146155,1.991290841,98.0146155,54.7,1,PHR-1013,PHR09,PMNM,Manawai,0.1,SCUBA,Passive,53,Cotton/SCUBA,3.6576,B10
P0422,SYBR,rbcL,Unkn,25.34051022,25.34051022,30.88726329,1.48977943,30.88726329,54.7,1,PHR-1013,PHR09,PMNM,Manawai,0.1,SCUBA,Passive,53,Cotton/SCUBA,3.6576,B11
P0423,SYBR,rbcL,Unkn,24.38682028,24.38682028,55.39957927,1.743506467,55.39957927,54.7,1,PHR-1013,PHR09,PMNM,Manawai,0.1,SCUBA,Passive,53,Cotton/SCUBA,3.6576,B12
P0424,SYBR,rbcL,Unkn,22.34181882,22.34181882,193.8984983,2.287574446,193.8984983,54.7,2,PHR-1013,PHR09,PMNM,Manawai,0.1,SCUBA,Passive,53,Cotton/SCUBA,3.6576,C1
P0425,SYBR,rbcL,Unkn,21.8017992,21.8017992,269.9264455,2.431245436,269.9264455,54.7,2,PHR-1013,PHR09,PMNM,Manawai,0.1,SCUBA,Passive,53,Cotton/SCUBA,3.6576,C2
P0426,SYBR,rbcL,Unkn,21.42087837,21.42087837,340.8698228,2.532588555,340.8698228,54.7,2,PHR-1013,PHR09,PMNM,Manawai,0.1,SCUBA,Passive,53,Cotton/SCUBA,3.6576,C3
P0427,SYBR,rbcL,Unkn,,0,,,0,54.7,1,PHR-4593,PHR05,PMNM,Manawai,0.1,SCUBA,Passive,49,Cotton/SCUBA,4.2672,C4
P0428,SYBR,rbcL,Unkn,,0,,,0,54.7,1,PHR-4593,PHR05,PMNM,Manawai,0.1,SCUBA,Passive,49,Cotton/SCUBA,4.2672,C5
P0429,SYBR,rbcL,Unkn,,0,,,0,54.7,1,PHR-4593,PHR05,PMNM,Manawai,0.1,SCUBA,Passive,49,Cotton/SCUBA,4.2672,C6
P0430,SYBR,rbcL,Unkn,,0,,,0,54.7,2,PHR-4593,PHR05,PMNM,Manawai,0.1,SCUBA,Passive,49,Cotton/SCUBA,4.2672,C7
P0431,SYBR,rbcL,Unkn,,0,,,0,54.7,2,PHR-4593,PHR05,PMNM,Manawai,0.1,SCUBA,Passive,49,Cotton/SCUBA,4.2672,C8
P0432,SYBR,rbcL,Unkn,,0,,,0,54.7,2,PHR-4593,PHR05,PMNM,Manawai,0.1,SCUBA,Passive,49,Cotton/SCUBA,4.2672,C9
P0433,SYBR,rbcL,Unkn,22.58634668,22.58634668,166.9238398,2.222518366,166.9238398,54.7,1,PHR-4656,PHR06,PMNM,Manawai,0,SCUBA,Passive,15,Cotton/SCUBA,3.048,C10
P0434,SYBR,rbcL,Unkn,26.33561418,26.33561418,16.78936565,1.225034288,16.78936565,54.7,1,PHR-4656,PHR06,PMNM,Manawai,0,SCUBA,Passive,15,Cotton/SCUBA,3.048,C11
P0435,SYBR,rbcL,Unkn,23.42343085,23.42343085,99.95718791,1.99981403,99.95718791,54.7,1,PHR-4656,PHR06,PMNM,Manawai,0,SCUBA,Passive,15,Cotton/SCUBA,3.048,C12
P0436,SYBR,rbcL,Unkn,24.22483441,24.22483441,61.17900878,1.786602436,61.17900878,54.7,2,PHR-4656,PHR06,PMNM,Manawai,0,SCUBA,Passive,15,Cotton/SCUBA,3.048,D1
P0437,SYBR,rbcL,Unkn,24.34378463,24.34378463,56.87953034,1.754956002,56.87953034,54.7,2,PHR-4656,PHR06,PMNM,Manawai,0,SCUBA,Passive,15,Cotton/SCUBA,3.048,D2
P0438,SYBR,rbcL,Unkn,25.85425944,25.85425944,22.54745973,1.35309762,22.54745973,54.7,2,PHR-4656,PHR06,PMNM,Manawai,0,SCUBA,Passive,15,Cotton/SCUBA,3.048,D3
P0451,SYBR,rbcL,Std,17.0211872,17.0211872,4800,3.681241237,4800,54.7,,Standard,Standard,Standard,Control,,Control,,,,,E4
P0452,SYBR,rbcL,Std,17.01607798,17.01607798,4800,3.681241237,4800,54.7,,Standard,Standard,Standard,Control,,Control,,,,,E5
P0453,SYBR,rbcL,Std,17.27296418,17.27296418,4800,3.681241237,4800,54.7,,Standard,Standard,Standard,Control,,Control,,,,,E6
P0454,SYBR,rbcL,Std,22.67237159,22.67237159,480,2.681241237,480,54.7,,Standard,Standard,Standard,Control,,Control,,,,,E7
P0455,SYBR,rbcL,Std,19.60114028,19.60114028,480,2.681241237,480,54.7,,Standard,Standard,Standard,Control,,Control,,,,,E8
P0456,SYBR,rbcL,Std,20.31288995,20.31288995,480,2.681241237,480,54.7,,Standard,Standard,Standard,Control,,Control,,,,,E9
P0457,SYBR,rbcL,NTC,,0,,,0,54.7,,NTC,NTC,NTC,Control,,Control,,,,,E10
P0458,SYBR,rbcL,NTC,,0,,,0,54.7,,NTC,NTC,NTC,Control,,Control,,,,,E11
P0459,SYBR,rbcL,NTC,,0,,,0,54.7,,NTC,NTC,NTC,Control,,Control,,,,,E12
P0460,SYBR,rbcL,Unkn,,0,,,0,54.7,,EB,PHR01/02/03,PMNM,Control,,,,,,,F1
P0461,SYBR,rbcL,Unkn,,0,,,0,54.7,,EB,PHR01/02/03,PMNM,Control,,,,,,,F2
P0462,SYBR,rbcL,Unkn,,0,,,0,54.7,,EB,PHR01/02/03,PMNM,Control,,,,,,,F3
P0463,SYBR,rbcL,Unkn,,0,,,0,54.7,1,PHR-9923,PHR03,PMNM,Manawai,0,SCUBA,Passive,223,Cotton/SCUBA,4.572,F4
P0464,SYBR,rbcL,Unkn,,0,,,0,54.7,1,PHR-9923,PHR03,PMNM,Manawai,0,SCUBA,Passive,223,Cotton/SCUBA,4.572,F5
P0465,SYBR,rbcL,Unkn,,0,,,0,54.7,1,PHR-9923,PHR03,PMNM,Manawai,0,SCUBA,Passive,223,Cotton/SCUBA,4.572,F6
P0466,SYBR,rbcL,Unkn,28.30675299,28.30675299,5.019001181,0.700617298,5.019001181,54.7,2,PHR-9923,PHR03,PMNM,Manawai,0,SCUBA,Passive,223,Cotton/SCUBA,4.572,F7
P0467,SYBR,rbcL,Unkn,,0,,,0,54.7,2,PHR-9923,PHR03,PMNM,Manawai,0,SCUBA,Passive,223,Cotton/SCUBA,4.572,F8
P0468,SYBR,rbcL,Unkn,26.42036775,26.42036775,15.93990739,1.202485794,15.93990739,54.7,2,PHR-9923,PHR03,PMNM,Manawai,0,SCUBA,Passive,223,Cotton/SCUBA,4.572,F9
P0469,SYBR,rbcL,Unkn,23.10036553,23.10036553,121.8329675,2.085764823,121.8329675,54.7,1,PHR-4601,PHR02,PMNM,Manawai,0,SCUBA,Passive,57,Cotton/SCUBA,3.3528,F10
P0470,SYBR,rbcL,Unkn,25.33473209,25.33473209,30.99678766,1.491316688,30.99678766,54.7,1,PHR-4601,PHR02,PMNM,Manawai,0,SCUBA,Passive,57,Cotton/SCUBA,3.3528,F11
P0471,SYBR,rbcL,Unkn,23.79012874,23.79012874,79.84631734,1.90225489,79.84631734,54.7,1,PHR-4601,PHR02,PMNM,Manawai,0,SCUBA,Passive,57,Cotton/SCUBA,3.3528,F12
P0472,SYBR,rbcL,Unkn,,0,,,0,54.7,2,PHR-4601,PHR02,PMNM,Manawai,0,SCUBA,Passive,57,Cotton/SCUBA,3.3528,G1
P0473,SYBR,rbcL,Unkn,,0,,,0,54.7,2,PHR-4601,PHR02,PMNM,Manawai,0,SCUBA,Passive,57,Cotton/SCUBA,3.3528,G2
P0474,SYBR,rbcL,Unkn,,0,,,0,54.7,2,PHR-4601,PHR02,PMNM,Manawai,0,SCUBA,Passive,57,Cotton/SCUBA,3.3528,G3
P0475,SYBR,rbcL,Unkn,,0,,,0,54.7,1,PHR-4704,PHR01,PMNM,Manawai,0,SCUBA,Passive,47,Cotton/SCUBA,6.096,G4
P0476,SYBR,rbcL,Unkn,,0,,,0,54.7,1,PHR-4704,PHR01,PMNM,Manawai,0,SCUBA,Passive,47,Cotton/SCUBA,6.096,G5
P0477,SYBR,rbcL,Unkn,,0,,,0,54.7,1,PHR-4704,PHR01,PMNM,Manawai,0,SCUBA,Passive,47,Cotton/SCUBA,6.096,G6
P0478,SYBR,rbcL,Unkn,,0,,,0,54.7,2,PHR-4704,PHR01,PMNM,Manawai,0,SCUBA,Passive,47,Cotton/SCUBA,6.096,G7
P0479,SYBR,rbcL,Unkn,26.58942291,26.58942291,14.37173015,1.157509054,14.37173015,54.7,2,PHR-4704,PHR01,PMNM,Manawai,0,SCUBA,Passive,47,Cotton/SCUBA,6.096,G8
P0480,SYBR,rbcL,Unkn,,0,,,0,54.7,2,PHR-4704,PHR01,PMNM,Manawai,0,SCUBA,Passive,47,Cotton/SCUBA,6.096,G9
P0481,SYBR,rbcL,Unkn,,0,,,0,54.7,,EB,PHR07/08,PMNM,Control,,SCUBA,Passive,,,,G10
P0482,SYBR,rbcL,Unkn,,0,,,0,54.7,,EB,PHR07/08,PMNM,Control,,SCUBA,Passive,,,,G11
P0483,SYBR,rbcL,Unkn,,0,,,0,54.7,,EB,PHR07/08,PMNM,Control,,SCUBA,Passive,,,,G12
P0484,SYBR,rbcL,Unkn,,0,,,0,54.7,1,PHR-4613,PHR08,PMNM,Manawai,60,SCUBA,Passive,46,Cotton/SCUBA,3.048,H1
P0485,SYBR,rbcL,Unkn,,0,,,0,54.7,1,PHR-4613,PHR08,PMNM,Manawai,60,SCUBA,Passive,46,Cotton/SCUBA,3.048,H2
P0486,SYBR,rbcL,Unkn,22.67482639,22.67482639,158.1169909,2.198978541,158.1169909,54.7,1,PHR-4613,PHR08,PMNM,Manawai,60,SCUBA,Passive,46,Cotton/SCUBA,3.048,H3
P0487,SYBR,rbcL,Unkn,21.7502686,21.7502686,278.5832715,2.444955034,278.5832715,54.7,2,PHR-4613,PHR08,PMNM,Manawai,60,SCUBA,Passive,46,Cotton/SCUBA,3.048,H4
P0488,SYBR,rbcL,Unkn,22.45837038,22.45837038,180.536978,2.256566169,180.536978,54.7,2,PHR-4613,PHR08,PMNM,Manawai,60,SCUBA,Passive,46,Cotton/SCUBA,3.048,H5
P0489,SYBR,rbcL,Unkn,22.41219017,22.41219017,185.7172771,2.268852308,185.7172771,54.7,2,PHR-4613,PHR08,PMNM,Manawai,60,SCUBA,Passive,46,Cotton/SCUBA,3.048,H6
P0490,SYBR,rbcL,Unkn,24.48221115,24.48221115,52.2550108,1.718127942,52.2550108,54.7,1,PHR-4564,PHR07,PMNM,Manawai,60,SCUBA,Passive,54,Cotton/SCUBA,3.048,H7
P0491,SYBR,rbcL,Unkn,23.77957235,23.77957235,80.36434217,1.905063394,80.36434217,54.7,1,PHR-4564,PHR07,PMNM,Manawai,60,SCUBA,Passive,54,Cotton/SCUBA,3.048,H8
P0492,SYBR,rbcL,Unkn,24.17468551,24.17468551,63.08766285,1.799944439,63.08766285,54.7,1,PHR-4564,PHR07,PMNM,Manawai,60,SCUBA,Passive,54,Cotton/SCUBA,3.048,H9
P0493,SYBR,rbcL,Unkn,24.1766868,24.1766868,63.01036569,1.799412,63.01036569,54.7,2,PHR-4564,PHR07,PMNM,Manawai,60,SCUBA,Passive,54,Cotton/SCUBA,3.048,H10
P0494,SYBR,rbcL,Unkn,24.13795729,24.13795729,64.52319988,1.809715897,64.52319988,54.7,2,PHR-4564,PHR07,PMNM,Manawai,60,SCUBA,Passive,54,Cotton/SCUBA,3.048,H11
P0495,SYBR,rbcL,Unkn,24.53349243,24.53349243,50.63894784,1.704484673,50.63894784,54.7,2,PHR-4564,PHR07,PMNM,Manawai,60,SCUBA,Passive,54,Cotton/SCUBA,3.048,H12
P0496,SYBR,rbcL,Unkn,,0,,,0,54.7,,EB,PHR10,PMNM,Control,,SCUBA,Passive,,,,A1
P0497,SYBR,rbcL,Unkn,27.56410905,27.56410905,9.367791545,0.971637218,9.367791545,54.7,,EB,PHR10,PMNM,Control,,SCUBA,Passive,,,,A2
P0498,SYBR,rbcL,Unkn,,0,,,0,54.7,,EB,PHR10,PMNM,Control,,SCUBA,Passive,,,,A3
P0499,SYBR,rbcL,Unkn,21.36267696,21.36267696,483.155561,2.684086982,483.155561,54.7,1,PHR-9208,PHR10,PMNM,Manawai,20,SCUBA,Passive,225,Cotton/SCUBA,20.7264,A4
P0500,SYBR,rbcL,Unkn,21.21504266,21.21504266,530.7064842,2.724854394,530.7064842,54.7,1,PHR-9208,PHR10,PMNM,Manawai,20,SCUBA,Passive,225,Cotton/SCUBA,20.7264,A5
P0501,SYBR,rbcL,Unkn,21.0042355,21.0042355,606.8288464,2.783066217,606.8288464,54.7,1,PHR-9208,PHR10,PMNM,Manawai,20,SCUBA,Passive,225,Cotton/SCUBA,20.7264,A6
P0502,SYBR,rbcL,Unkn,21.74548706,21.74548706,378.7726814,2.578378648,378.7726814,54.7,2,PHR-9208,PHR10,PMNM,Manawai,20,SCUBA,Passive,225,Cotton/SCUBA,20.7264,A7
P0503,SYBR,rbcL,Unkn,23.11188041,23.11188041,158.8787466,2.201065805,158.8787466,54.7,2,PHR-9208,PHR10,PMNM,Manawai,20,SCUBA,Passive,225,Cotton/SCUBA,20.7264,A8
P0504,SYBR,rbcL,Unkn,21.33343616,21.33343616,492.2225127,2.692161473,492.2225127,54.7,2,PHR-9208,PHR10,PMNM,Manawai,20,SCUBA,Passive,225,Cotton/SCUBA,20.7264,A9
P0505,SYBR,rbcL,Unkn,,0,,,0,54.7,,EB,PHR04,PMNM,Control,,SCUBA,Passive,,,,A10
P0506,SYBR,rbcL,Unkn,,0,,,0,54.7,,EB,PHR04,PMNM,Control,,SCUBA,Passive,,,,A11
P0507,SYBR,rbcL,Unkn,27.11325189,27.11325189,12.47773964,1.09613592,12.47773964,54.7,,EB,PHR04,PMNM,Control,,SCUBA,Passive,,,,A12
P0508,SYBR,rbcL,Unkn,28.45805454,28.45805454,5.306217955,0.724785085,5.306217955,54.7,1,PHR-9926,PHR04,PMNM,Manawai,0,SCUBA,Passive,225,Cotton/SCUBA,21.336,B1
P0509,SYBR,rbcL,Unkn,,0,,,0,54.7,1,PHR-9926,PHR04,PMNM,Manawai,0,SCUBA,Passive,225,Cotton/SCUBA,21.336,B2
P0510,SYBR,rbcL,Unkn,,0,,,0,54.7,1,PHR-9926,PHR04,PMNM,Manawai,0,SCUBA,Passive,225,Cotton/SCUBA,21.336,B3
P0511,SYBR,rbcL,Unkn,,0,,,0,54.7,2,PHR-9926,PHR04,PMNM,Manawai,0,SCUBA,Passive,225,Cotton/SCUBA,21.336,B4
P0512,SYBR,rbcL,Unkn,,0,,,0,54.7,2,PHR-9926,PHR04,PMNM,Manawai,0,SCUBA,Passive,225,Cotton/SCUBA,21.336,B5
P0513,SYBR,rbcL,Unkn,,0,,,0,54.7,2,PHR-9926,PHR04,PMNM,Manawai,0,SCUBA,Passive,225,Cotton/SCUBA,21.336,B6
P0514,SYBR,rbcL,Unkn,,0,,,0,54.7,,EB,PHR06/06/09,PMNM,Control,,SCUBA,Passive,,,,B7
P0515,SYBR,rbcL,Unkn,,0,,,0,54.7,,EB,PHR06/06/09,PMNM,Control,,SCUBA,Passive,,,,B8
P0516,SYBR,rbcL,Unkn,,0,,,0,54.7,,EB,PHR06/06/09,PMNM,Control,,SCUBA,Passive,,,,B9
P0517,SYBR,rbcL,Unkn,25.41497339,25.41497339,36.73624772,1.565094795,36.73624772,54.7,1,PHR-1013,PHR09,PMNM,Manawai,0.1,SCUBA,Passive,53,Cotton/SCUBA,3.6576,B10
P0518,SYBR,rbcL,Unkn,24.40723656,24.40723656,69.72186864,1.843369018,69.72186864,54.7,1,PHR-1013,PHR09,PMNM,Manawai,0.1,SCUBA,Passive,53,Cotton/SCUBA,3.6576,B11
P0519,SYBR,rbcL,Unkn,25.50384726,25.50384726,34.71789293,1.540553359,34.71789293,54.7,1,PHR-1013,PHR09,PMNM,Manawai,0.1,SCUBA,Passive,53,Cotton/SCUBA,3.6576,B12
P0520,SYBR,rbcL,Unkn,23.19063397,23.19063397,151.1189651,2.179318971,151.1189651,54.7,2,PHR-1013,PHR09,PMNM,Manawai,0.1,SCUBA,Passive,53,Cotton/SCUBA,3.6576,C1
P0521,SYBR,rbcL,Unkn,22.27445289,22.27445289,270.5896561,2.432311191,270.5896561,54.7,2,PHR-1013,PHR09,PMNM,Manawai,0.1,SCUBA,Passive,53,Cotton/SCUBA,3.6576,C2
P0522,SYBR,rbcL,Unkn,23.02343271,23.02343271,168.069751,2.225489557,168.069751,54.7,2,PHR-1013,PHR09,PMNM,Manawai,0.1,SCUBA,Passive,53,Cotton/SCUBA,3.6576,C3
P0523,SYBR,rbcL,Unkn,,0,,,0,54.7,1,PHR-4593,PHR05,PMNM,Manawai,0.1,SCUBA,Passive,49,Cotton/SCUBA,4.2672,C4
P0524,SYBR,rbcL,Unkn,,0,,,0,54.7,1,PHR-4593,PHR05,PMNM,Manawai,0.1,SCUBA,Passive,49,Cotton/SCUBA,4.2672,C5
P0525,SYBR,rbcL,Unkn,,0,,,0,54.7,1,PHR-4593,PHR05,PMNM,Manawai,0.1,SCUBA,Passive,49,Cotton/SCUBA,4.2672,C6
P0526,SYBR,rbcL,Unkn,,0,,,0,54.7,2,PHR-4593,PHR05,PMNM,Manawai,0.1,SCUBA,Passive,49,Cotton/SCUBA,4.2672,C7
P0527,SYBR,rbcL,Unkn,,0,,,0,54.7,2,PHR-4593,PHR05,PMNM,Manawai,0.1,SCUBA,Passive,49,Cotton/SCUBA,4.2672,C8
P0528,SYBR,rbcL,Unkn,,0,,,0,54.7,2,PHR-4593,PHR05,PMNM,Manawai,0.1,SCUBA,Passive,49,Cotton/SCUBA,4.2672,C9
P0529,SYBR,rbcL,Unkn,25.36836781,25.36836781,37.84115264,1.577964356,37.84115264,54.7,1,PHR-4656,PHR06,PMNM,Manawai,0,SCUBA,Passive,15,Cotton/SCUBA,3.048,C10
P0530,SYBR,rbcL,Unkn,24.0246076,24.0246076,88.92570857,1.949027334,88.92570857,54.7,1,PHR-4656,PHR06,PMNM,Manawai,0,SCUBA,Passive,15,Cotton/SCUBA,3.048,C11
P0531,SYBR,rbcL,Unkn,24.57012889,24.57012889,62.86201357,1.798388288,62.86201357,54.7,1,PHR-4656,PHR06,PMNM,Manawai,0,SCUBA,Passive,15,Cotton/SCUBA,3.048,C12
P0532,SYBR,rbcL,Unkn,,0,,,0,54.7,2,PHR-4656,PHR06,PMNM,Manawai,0,SCUBA,Passive,15,Cotton/SCUBA,3.048,D1
P0533,SYBR,rbcL,Unkn,,0,,,0,54.7,2,PHR-4656,PHR06,PMNM,Manawai,0,SCUBA,Passive,15,Cotton/SCUBA,3.048,D2
P0534,SYBR,rbcL,Unkn,,0,,,0,54.7,2,PHR-4656,PHR06,PMNM,Manawai,0,SCUBA,Passive,15,Cotton/SCUBA,3.048,D3
P0544,SYBR,rbcL,Std,18.03154622,18.03154622,4800,3.681241237,4800,54.7,,Standard,Standard,Standard,Control,,Control,,,,,E4
P0545,SYBR,rbcL,Std,17.57134224,17.57134224,4800,3.681241237,4800,54.7,,Standard,Standard,Standard,Control,,Control,,,,,E5
P0546,SYBR,rbcL,Std,17.65191767,17.65191767,4800,3.681241237,4800,54.7,,Standard,Standard,Standard,Control,,Control,,,,,E6
P0547,SYBR,rbcL,Std,21.5555785,21.5555785,480,2.681241237,480,54.7,,Standard,Standard,Standard,Control,,Control,,,,,E7
P0548,SYBR,rbcL,Std,21.43749639,21.43749639,480,2.681241237,480,54.7,,Standard,Standard,Standard,Control,,Control,,,,,E8
P0549,SYBR,rbcL,Std,21.12587257,21.12587257,480,2.681241237,480,54.7,,Standard,Standard,Standard,Control,,Control,,,,,E9
P0550,SYBR,rbcL,Std,,0,48,1.681241237,0,54.7,,NTC,NTC,NTC,Control,,Control,,,,,E10
P0550,SYBR,rbcL,Std,,0,48,1.681241237,0,54.7,,NTC,NTC,NTC,Control,,Control,,,,,E10
P0550,SYBR,rbcL,Std,,0,48,1.681241237,0,54.7,,NTC,NTC,NTC,Control,,Control,,,,,E10
P0550,SYBR,rbcL,NTC,,0,,,0,54.7,,NTC,NTC,NTC,Control,,Control,,,,,E10
P0551,SYBR,rbcL,NTC,,0,,,0,54.7,,NTC,NTC,NTC,Control,,Control,,,,,E11
P0552,SYBR,rbcL,NTC,,0,,,0,54.7,,NTC,NTC,NTC,Control,,Control,,,,,E12
P0553,SYBR,rbcL,Unkn,,0,,,0,54.7,,EB,PHR01/02/03,PMNM,Control,,,,,,,F1
P0554,SYBR,rbcL,Unkn,,0,,,0,54.7,,EB,PHR01/02/03,PMNM,Control,,,,,,,F2
P0555,SYBR,rbcL,Unkn,,0,,,0,54.7,,EB,PHR01/02/03,PMNM,Control,,,,,,,F3
P0556,SYBR,rbcL,Unkn,,0,,,0,54.7,1,PHR-9923,PHR03,PMNM,Manawai,0,SCUBA,Passive,223,Cotton/SCUBA,4.572,F4
P0557,SYBR,rbcL,Unkn,29.60348505,29.60348505,2.561465045,0.408488434,2.561465045,54.7,1,PHR-9923,PHR03,PMNM,Manawai,0,SCUBA,Passive,223,Cotton/SCUBA,4.572,F5
P0558,SYBR,rbcL,Unkn,,0,,,0,54.7,1,PHR-9923,PHR03,PMNM,Manawai,0,SCUBA,Passive,223,Cotton/SCUBA,4.572,F6
P0559,SYBR,rbcL,Unkn,,0,,,0,54.7,2,PHR-9923,PHR03,PMNM,Manawai,0,SCUBA,Passive,223,Cotton/SCUBA,4.572,F7
P0560,SYBR,rbcL,Unkn,,0,,,0,54.7,2,PHR-9923,PHR03,PMNM,Manawai,0,SCUBA,Passive,223,Cotton/SCUBA,4.572,F8
P0561,SYBR,rbcL,Unkn,30.1579228,30.1579228,1.8004755,0.255387216,1.8004755,54.7,2,PHR-9923,PHR03,PMNM,Manawai,0,SCUBA,Passive,223,Cotton/SCUBA,4.572,F9
P0562,SYBR,rbcL,Unkn,25.79530862,25.79530862,28.84495479,1.460069863,28.84495479,54.7,1,PHR-4601,PHR02,PMNM,Manawai,0,SCUBA,Passive,57,Cotton/SCUBA,3.3528,F10
P0563,SYBR,rbcL,Unkn,26.63897467,26.63897467,16.86948341,1.227101784,16.86948341,54.7,1,PHR-4601,PHR02,PMNM,Manawai,0,SCUBA,Passive,57,Cotton/SCUBA,3.3528,F11
P0564,SYBR,rbcL,Unkn,25.20146658,25.20146658,42.07770981,1.624052094,42.07770981,54.7,1,PHR-4601,PHR02,PMNM,Manawai,0,SCUBA,Passive,57,Cotton/SCUBA,3.3528,F12
P0565,SYBR,rbcL,Unkn,,0,,,0,54.7,2,PHR-4601,PHR02,PMNM,Manawai,0,SCUBA,Passive,57,Cotton/SCUBA,3.3528,G1
P0566,SYBR,rbcL,Unkn,,0,,,0,54.7,2,PHR-4601,PHR02,PMNM,Manawai,0,SCUBA,Passive,57,Cotton/SCUBA,3.3528,G2
P0567,SYBR,rbcL,Unkn,,0,,,0,54.7,2,PHR-4601,PHR02,PMNM,Manawai,0,SCUBA,Passive,57,Cotton/SCUBA,3.3528,G3
P0568,SYBR,rbcL,Unkn,,0,,,0,54.7,1,PHR-4704,PHR01,PMNM,Manawai,0,SCUBA,Passive,47,Cotton/SCUBA,6.096,G4
P0569,SYBR,rbcL,Unkn,,0,,,0,54.7,1,PHR-4704,PHR01,PMNM,Manawai,0,SCUBA,Passive,47,Cotton/SCUBA,6.096,G5
P0570,SYBR,rbcL,Unkn,27.72126554,27.72126554,8.476964654,0.928240372,8.476964654,54.7,1,PHR-4704,PHR01,PMNM,Manawai,0,SCUBA,Passive,47,Cotton/SCUBA,6.096,G6
P0571,SYBR,rbcL,Unkn,,0,,,0,54.7,2,PHR-4704,PHR01,PMNM,Manawai,0,SCUBA,Passive,47,Cotton/SCUBA,6.096,G7
P0572,SYBR,rbcL,Unkn,,0,,,0,54.7,2,PHR-4704,PHR01,PMNM,Manawai,0,SCUBA,Passive,47,Cotton/SCUBA,6.096,G8
P0573,SYBR,rbcL,Unkn,27.11927853,27.11927853,12.43001737,1.094471736,12.43001737,54.7,2,PHR-4704,PHR01,PMNM,Manawai,0,SCUBA,Passive,47,Cotton/SCUBA,6.096,G9
P0574,SYBR,rbcL,Unkn,,0,,,0,54.7,,EB,PHR07/08,PMNM,Control,,SCUBA,Passive,,,,G10
P0575,SYBR,rbcL,Unkn,,0,,,0,54.7,,EB,PHR07/08,PMNM,Control,,SCUBA,Passive,,,,G11
P0576,SYBR,rbcL,Unkn,,0,,,0,54.7,,EB,PHR07/08,PMNM,Control,,SCUBA,Passive,,,,G12
P0577,SYBR,rbcL,Unkn,22.61709568,22.61709568,217.6178765,2.337694568,217.6178765,54.7,1,PHR-4613,PHR08,PMNM,Manawai,60,SCUBA,Passive,46,Cotton/SCUBA,3.048,H1
P0578,SYBR,rbcL,Unkn,23.61346476,23.61346476,115.4939965,2.06255941,115.4939965,54.7,1,PHR-4613,PHR08,PMNM,Manawai,60,SCUBA,Passive,46,Cotton/SCUBA,3.048,H2
P0579,SYBR,rbcL,Unkn,22.65409427,22.65409427,212.5581969,2.327477857,212.5581969,54.7,1,PHR-4613,PHR08,PMNM,Manawai,60,SCUBA,Passive,46,Cotton/SCUBA,3.048,H3
P0580,SYBR,rbcL,Unkn,21.7099447,21.7099447,387.4299896,2.588193235,387.4299896,54.7,2,PHR-4613,PHR08,PMNM,Manawai,60,SCUBA,Passive,46,Cotton/SCUBA,3.048,H4
P0581,SYBR,rbcL,Unkn,21.40950473,21.40950473,468.9818827,2.671156066,468.9818827,54.7,2,PHR-4613,PHR08,PMNM,Manawai,60,SCUBA,Passive,46,Cotton/SCUBA,3.048,H5
P0582,SYBR,rbcL,Unkn,20.24349298,20.24349298,984.319243,2.993135975,984.319243,54.7,2,PHR-4613,PHR08,PMNM,Manawai,60,SCUBA,Passive,46,Cotton/SCUBA,3.048,H6
P0583,SYBR,rbcL,Unkn,22.68213924,22.68213924,208.8014847,2.319733582,208.8014847,54.7,1,PHR-4564,PHR07,PMNM,Manawai,60,SCUBA,Passive,54,Cotton/SCUBA,3.048,H7
P0584,SYBR,rbcL,Unkn,22.91525403,22.91525403,180.0370045,2.255361778,180.0370045,54.7,1,PHR-4564,PHR07,PMNM,Manawai,60,SCUBA,Passive,54,Cotton/SCUBA,3.048,H8
P0585,SYBR,rbcL,Unkn,23.21725823,23.21725823,148.5822761,2.171967007,148.5822761,54.7,1,PHR-4564,PHR07,PMNM,Manawai,60,SCUBA,Passive,54,Cotton/SCUBA,3.048,H9
P0586,SYBR,rbcL,Unkn,23.63866601,23.63866601,113.6581004,2.055600393,113.6581004,54.7,2,PHR-4564,PHR07,PMNM,Manawai,60,SCUBA,Passive,54,Cotton/SCUBA,3.048,H10
P0587,SYBR,rbcL,Unkn,22.93752434,22.93752434,177.5056193,2.249212106,177.5056193,54.7,2,PHR-4564,PHR07,PMNM,Manawai,60,SCUBA,Passive,54,Cotton/SCUBA,3.048,H11
P0588,SYBR,rbcL,Unkn,,0,,,0,54.7,2,PHR-4564,PHR07,PMNM,Manawai,60,SCUBA,Passive,54,Cotton/SCUBA,3.048,H12
P0589,SYBR,rbcL,Unkn,,0,,,0,54.7,2,KUR2,H02,PMNM,Hōlanikū,0.01,Compare,Passive,15,MCE/Buoy,1.8288,A1
P0590,SYBR,rbcL,Unkn,26.85458694,26.85458694,5799.414458,3.763384147,5799.414458,54.7,2,KUR2,H02,PMNM,Hōlanikū,0.01,Compare,Passive,15,MCE/Buoy,1.8288,A2
P0591,SYBR,rbcL,Unkn,,0,,,0,54.7,2,KUR2,H02,PMNM,Hōlanikū,0.01,Compare,Passive,15,MCE/Buoy,1.8288,A3
P0592,SYBR,rbcL,Unkn,26.69551397,26.69551397,4774.475953,3.67892571,4774.475953,54.7,2,KUR2,H02,PMNM,Hōlanikū,0.01,Compare,Passive,15,MCE/Buoy,1.8288,A4
P0593,SYBR,rbcL,Unkn,28.71705021,28.71705021,56525.33031,4.752243109,56525.33031,54.7,2,KUR2,H02,PMNM,Hōlanikū,0.01,Compare,Passive,15,MCE/Buoy,1.8288,A5
P0594,SYBR,rbcL,Unkn,29.62725459,29.62725459,171992.0387,5.235508344,171992.0387,54.7,2,KUR2,H02,PMNM,Hōlanikū,0.01,Compare,Passive,15,MCE/Buoy,1.8288,A6
P0595,SYBR,rbcL,Unkn,27.9096607,27.9096607,21065.24657,4.323566547,21065.24657,54.7,2,KUR4,H04,PMNM,Hōlanikū,0.01,Compare,Passive,15,MCE/Buoy,1.524,A7
P0596,SYBR,rbcL,Unkn,26.38302083,26.38302083,3258.44318,3.513010152,3258.44318,54.7,2,KUR4,H04,PMNM,Hōlanikū,0.01,Compare,Passive,15,MCE/Buoy,1.524,A8
P0597,SYBR,rbcL,Unkn,29.71751538,29.71751538,192057.6191,5.283431541,192057.6191,54.7,2,KUR4,H04,PMNM,Hōlanikū,0.01,Compare,Passive,15,MCE/Buoy,1.524,A9
P0598,SYBR,rbcL,Unkn,25.9526492,25.9526492,1925.342567,3.284508013,1925.342567,54.7,2,KUR4,H04,PMNM,Hōlanikū,0.01,Compare,Passive,15,MCE/Buoy,1.524,A10
P0599,SYBR,rbcL,Unkn,,0,,,0,54.7,2,KUR4,H04,PMNM,Hōlanikū,0.01,Compare,Passive,15,MCE/Buoy,1.524,A11
P0600,SYBR,rbcL,Unkn,29.35649508,29.35649508,123523.8718,5.091750896,123523.8718,54.7,2,KUR4,H04,PMNM,Hōlanikū,0.01,Compare,Passive,15,MCE/Buoy,1.524,A12
P0601,SYBR,rbcL,Unkn,30.03041224,30.03041224,281553.839,5.449561453,281553.839,54.7,2,KUR5,H05,PMNM,Hōlanikū,0.01,Compare,Passive,15,MCE/Buoy,1.524,B1
P0602,SYBR,rbcL,Unkn,27.50720427,27.50720427,12879.10675,4.109885743,12879.10675,54.7,2,KUR5,H05,PMNM,Hōlanikū,0.01,Compare,Passive,15,MCE/Buoy,1.524,B2
P0603,SYBR,rbcL,Unkn,26.41170893,26.41170893,3374.751893,3.52824185,3374.751893,54.7,2,KUR5,H05,PMNM,Hōlanikū,0.01,Compare,Passive,15,MCE/Buoy,1.524,B3
P0604,SYBR,rbcL,Unkn,25.96779045,25.96779045,1961.314,3.292547128,1961.314,54.7,2,KUR5,H05,PMNM,Hōlanikū,0.01,Compare,Passive,15,MCE/Buoy,1.524,B4
P0605,SYBR,rbcL,Unkn,25.6465031,25.6465031,1324.226744,3.121962355,1324.226744,54.7,2,KUR5,H05,PMNM,Hōlanikū,0.01,Compare,Passive,15,MCE/Buoy,1.524,B5
P0606,SYBR,rbcL,Unkn,,0,,,0,54.7,2,KUR5,H05,PMNM,Hōlanikū,0.01,Compare,Passive,15,MCE/Buoy,1.524,B6
P0607,SYBR,rbcL,Unkn,,0,,,0,54.7,2,KUR9,H09,PMNM,Hōlanikū,0,Compare,Passive,15,MCE/Buoy,1.8288,B7
P0608,SYBR,rbcL,Unkn,,0,,,0,54.7,2,KUR9,H09,PMNM,Hōlanikū,0,Compare,Passive,15,MCE/Buoy,1.8288,B8
P0609,SYBR,rbcL,Unkn,,0,,,0,54.7,2,KUR9,H09,PMNM,Hōlanikū,0,Compare,Passive,15,MCE/Buoy,1.8288,B9
P0610,SYBR,rbcL,Unkn,,0,,,0,54.7,2,KUR9,H09,PMNM,Hōlanikū,0,Compare,Passive,15,MCE/Buoy,1.8288,B10
P0611,SYBR,rbcL,Unkn,,0,,,0,54.7,2,KUR9,H09,PMNM,Hōlanikū,0,Compare,Passive,15,MCE/Buoy,1.8288,B11
P0612,SYBR,rbcL,Unkn,,0,,,0,54.7,2,KUR9,H09,PMNM,Hōlanikū,0,Compare,Passive,15,MCE/Buoy,1.8288,B12
P0613,SYBR,rbcL,Unkn,,0,,,0,54.7,2,KUR10,H10,PMNM,Hōlanikū,0,Compare,Passive,15,MCE/Buoy,0.9144,C1
P0614,SYBR,rbcL,Unkn,,0,,,0,54.7,2,KUR10,H10,PMNM,Hōlanikū,0,Compare,Passive,15,MCE/Buoy,0.9144,C2
P0615,SYBR,rbcL,Unkn,,0,,,0,54.7,2,KUR10,H10,PMNM,Hōlanikū,0,Compare,Passive,15,MCE/Buoy,0.9144,C3
P0616,SYBR,rbcL,Unkn,,0,,,0,54.7,2,KUR10,H10,PMNM,Hōlanikū,0,Compare,Passive,15,MCE/Buoy,0.9144,C4
P0617,SYBR,rbcL,Unkn,,0,,,0,54.7,2,KUR10,H10,PMNM,Hōlanikū,0,Compare,Passive,15,MCE/Buoy,0.9144,C5
P0618,SYBR,rbcL,Unkn,,0,,,0,54.7,2,KUR10,H10,PMNM,Hōlanikū,0,Compare,Passive,15,MCE/Buoy,0.9144,C6
P0619,SYBR,rbcL,Unkn,21.44748232,21.44748232,7.807790411,0.892528147,7.807790411,54.7,2,PHR071823B2,PHR11,PMNM,Manawai,15,SCUBA,Passive,90,Cotton/SCUBA,16.764,C7
P0620,SYBR,rbcL,Unkn,21.50778993,21.50778993,8.40519818,0.924547958,8.40519818,54.7,2,PHR071823B2,PHR11,PMNM,Manawai,15,SCUBA,Passive,90,Cotton/SCUBA,16.764,C8
P0621,SYBR,rbcL,Unkn,21.28736327,21.28736327,6.419693716,0.807514308,6.419693716,54.7,2,PHR071823B2,PHR11,PMNM,Manawai,15,SCUBA,Passive,90,Cotton/SCUBA,16.764,C9
P0622,SYBR,rbcL,Unkn,21.13867201,21.13867201,5.352638993,0.728567954,5.352638993,54.7,2,PHR071823B2,PHR11,PMNM,Manawai,15,SCUBA,Passive,90,Cotton/SCUBA,16.764,C10
P0623,SYBR,rbcL,Unkn,20.85555121,20.85555121,3.786582175,0.578247386,3.786582175,54.7,2,PHR071823B2,PHR11,PMNM,Manawai,15,SCUBA,Passive,90,Cotton/SCUBA,16.764,C11
P0624,SYBR,rbcL,Unkn,21.11797833,21.11797833,5.218922152,0.717580819,5.218922152,54.7,2,PHR071823B2,PHR11,PMNM,Manawai,15,SCUBA,Passive,90,Cotton/SCUBA,16.764,C12
P0625,SYBR,rbcL,Unkn,27.32552618,27.32552618,10313.95686,4.013425311,10313.95686,54.7,2,PHR071823A2,PHR12,PMNM,Manawai,0,SCUBA,Passive,52,Cotton/SCUBA,16.764,D1
P0626,SYBR,rbcL,Unkn,27.04513388,27.04513388,7320.713588,3.864553416,7320.713588,54.7,2,PHR071823A2,PHR12,PMNM,Manawai,0,SCUBA,Passive,52,Cotton/SCUBA,16.764,D2
P0627,SYBR,rbcL,Unkn,26.51217467,26.51217467,3815.779579,3.58158328,3815.779579,54.7,2,PHR071823A2,PHR12,PMNM,Manawai,0,SCUBA,Passive,52,Cotton/SCUBA,16.764,D3
P0628,SYBR,rbcL,Unkn,27.59172391,27.59172391,14281.06926,4.154760726,14281.06926,54.7,2,PHR071823A2,PHR12,PMNM,Manawai,0,SCUBA,Passive,52,Cotton/SCUBA,16.764,D4
P0629,SYBR,rbcL,Unkn,27.09753246,27.09753246,7805.019567,3.892373996,7805.019567,54.7,2,PHR071823A2,PHR12,PMNM,Manawai,0,SCUBA,Passive,52,Cotton/SCUBA,16.764,D5
P0630,SYBR,rbcL,Unkn,,0,,,0,54.7,2,PHR071823A2,PHR12,PMNM,Manawai,0,SCUBA,Passive,52,Cotton/SCUBA,16.764,D6
P0631,SYBR,rbcL,Std,,0,10000,4,0,54.7,,Standard,Standard,Standard,Control,,Control,,,,,D7
P0632,SYBR,rbcL,Std,27.82949524,27.82949524,10000,4,10000,54.7,,Standard,Standard,Standard,Control,,Control,,,,,D8
P0633,SYBR,rbcL,Std,28.95105226,28.95105226,10000,4,10000,54.7,,Standard,Standard,Standard,Control,,Control,,,,,D9
P0634,SYBR,rbcL,Std,23.08266394,23.08266394,1000,3,1000,54.7,,Standard,Standard,Standard,Control,,Control,,,,,D10
P0635,SYBR,rbcL,Std,27.52921707,27.52921707,1000,3,1000,54.7,,Standard,Standard,Standard,Control,,Control,,,,,D11
P0636,SYBR,rbcL,Std,21.27836574,21.27836574,1000,3,1000,54.7,,Standard,Standard,Standard,Control,,Control,,,,,D12
P0637,SYBR,rbcL,Std,24.08047359,24.08047359,100,2,100,54.7,,Standard,Standard,Standard,Control,,Control,,,,,E1
P0638,SYBR,rbcL,Std,24.69506831,24.69506831,100,2,100,54.7,,Standard,Standard,Standard,Control,,Control,,,,,E2
P0639,SYBR,rbcL,Std,24.00456496,24.00456496,100,2,100,54.7,,Standard,Standard,Standard,Control,,Control,,,,,E3
P0640,SYBR,rbcL,Std,,0,10,1,0,54.7,,Standard,Standard,Standard,Control,,Control,,,,,E4
P0641,SYBR,rbcL,Std,,0,10,1,0,54.7,,Standard,Standard,Standard,Control,,Control,,,,,E5
P0642,SYBR,rbcL,Std,,0,10,1,0,54.7,,Standard,Standard,Standard,Control,,Control,,,,,E6
P0643,SYBR,rbcL,NTC,,0,,,0,54.7,,NTC,NTC,NTC,Control,,Control,,,,,E7
P0644,SYBR,rbcL,NTC,,0,,,0,54.7,,NTC,NTC,NTC,Control,,Control,,,,,E8
P0645,SYBR,rbcL,NTC,,0,,,0,54.7,,NTC,NTC,NTC,Control,,Control,,,,,E9
